strategy,repeat,seed,success,benchmark_stop_reason,total_time_s,pose_validation_time_s,structural_time_s,rai_robot_import_time_s,rai_robot_template_restore_time_s,rai_builder_setup_time_s,rai_runtime_time_s,rai_runtime_percent,backward_search_runtime_percent,other_runtime_percent,structural_plans_generated,structural_replans,rai_transition_attempts,rai_transition_failures,komo_calls,komo_feasible,komo_infeasible,first_plan_support_moves,first_plan_support_steps,support_moves,support_steps,first_to_final_exact_match,first_to_final_common_prefix_length,first_to_final_changed_positions,source_file
fast_reduce_support,0,200452,True,complete,6.547274816010031,2.986185101006413,0.21733485099684913,3.3141871900006663,0.0,3.3141871900006663,6.300372291007079,96.22892681395928,3.319470422493965,0.451602763546764,1,0,20,0,36,20,16,5,19,5,19,True,20,0,/home/mario/TAMP-scaffolding/experiments/results/report/one_arm_final_20mm_komo25_10seeds/fast_reduce_support/seed_200452/benchmark.csv
fast_reduce_support,0,200453,True,complete,9.187195878999773,5.589551416007453,0.19092744999215938,3.3771131980029168,0.0,3.3771131980029168,8.96666461401037,97.59958024304785,2.078190696125073,0.3222290608270741,1,0,20,0,38,20,18,5,19,5,19,True,20,0,/home/mario/TAMP-scaffolding/experiments/results/report/one_arm_final_20mm_komo25_10seeds/fast_reduce_support/seed_200453/benchmark.csv
fast_reduce_support,0,200454,True,complete,11.236597235998488,7.427428251990932,0.3773240009904839,3.4059348839946324,0.0,3.4059348839946324,10.833363135985564,96.41142161150806,3.3579916861454966,0.23058670234643594,2,1,23,1,69,22,47,5,19,5,20,False,16,3,/home/mario/TAMP-scaffolding/experiments/results/report/one_arm_final_20mm_komo25_10seeds/fast_reduce_support/seed_200454/benchmark.csv
fast_reduce_support,0,200455,True,complete,12.350724144998821,8.508894201004296,0.3812256949895527,3.433953123007086,0.0,3.433953123007086,11.942847324011382,96.69754731626323,3.0866667453172973,0.2157859384194799,2,1,23,1,74,22,52,5,19,5,20,False,16,3,/home/mario/TAMP-scaffolding/experiments/results/report/one_arm_final_20mm_komo25_10seeds/fast_reduce_support/seed_200455/benchmark.csv
fast_reduce_support,0,200456,True,complete,48.41503929399187,43.19734984500974,1.725683943979675,3.4569502269878285,0.0,3.4569502269878285,46.65430007199757,96.36323909332694,3.5643551448977675,0.07240576177529763,8,7,33,7,252,26,226,5,19,5,18,False,13,6,/home/mario/TAMP-scaffolding/experiments/results/report/one_arm_final_20mm_komo25_10seeds/fast_reduce_support/seed_200456/benchmark.csv
fast_reduce_support,0,200457,True,complete,10.392101678007748,6.262313605999225,0.2160715030040592,3.8791050110012293,0.0,3.8791050110012293,10.141418617000454,97.58775396185932,2.079189654786768,0.33305638335392035,1,0,20,0,42,20,22,5,19,5,19,True,20,0,/home/mario/TAMP-scaffolding/experiments/results/report/one_arm_final_20mm_komo25_10seeds/fast_reduce_support/seed_200457/benchmark.csv
fast_reduce_support,0,200458,True,complete,13.372493240996846,9.031782603997272,0.42002280900487676,3.887065276998328,0.0,3.887065276998328,12.9188478809956,96.60762318719685,3.1409461305030835,0.25143068230007426,2,1,21,1,63,20,43,5,19,5,19,False,15,4,/home/mario/TAMP-scaffolding/experiments/results/report/one_arm_final_20mm_komo25_10seeds/fast_reduce_support/seed_200458/benchmark.csv
fast_reduce_support,0,200459,True,complete,452.88712198300345,423.3100696740148,25.524995000945637,3.8999902960058535,0.0,3.8999902960058535,427.21005997002067,94.3303616361283,5.636061120303521,0.033577243568179344,75,74,155,74,2067,81,1986,5,19,5,19,False,6,2,/home/mario/TAMP-scaffolding/experiments/results/report/one_arm_final_20mm_komo25_10seeds/fast_reduce_support/seed_200459/benchmark.csv
fast_reduce_support,0,200460,True,complete,13.52646303200163,9.580753115005791,0.39076314998965245,3.5258090370043647,0.0,3.5258090370043647,13.106562152010156,96.89570822026387,2.8888790001138074,0.21541277962232688,2,1,23,1,87,22,65,5,19,5,20,False,16,3,/home/mario/TAMP-scaffolding/experiments/results/report/one_arm_final_20mm_komo25_10seeds/fast_reduce_support/seed_200460/benchmark.csv
fast_reduce_support,0,200461,True,complete,9.43262004799908,5.6137868109944975,0.3788798180030426,3.4140714179957286,0.0,3.4140714179957286,9.027858228990226,95.7089142046518,4.016697546122548,0.2743882492256423,2,1,21,1,61,20,41,5,19,5,19,False,13,2,/home/mario/TAMP-scaffolding/experiments/results/report/one_arm_final_20mm_komo25_10seeds/fast_reduce_support/seed_200461/benchmark.csv
baseline,0,200452,False,total_runtime_limit,2009.4543423249997,1773.9369961710472,230.98868692296674,3.6634088450082345,0.0,3.6634088450082345,1777.6004050160554,88.46184596358222,11.495095064250417,0.0430589721673616,267,266,524,267,7067,257,6810,9,31,0,0,,,,/home/mario/TAMP-scaffolding/experiments/results/report/one_arm_final_20mm_komo25_10seeds/baseline/seed_200452/benchmark.csv
baseline,0,200453,True,complete,13.868408508991706,8.990724317001877,0.13044583900773432,4.710135640998487,0.0,4.710135640998487,13.700859958000365,98.79186893807815,0.9405970333449479,0.26753402857690034,1,0,20,0,52,20,32,6,26,6,26,True,20,0,/home/mario/TAMP-scaffolding/experiments/results/report/one_arm_final_20mm_komo25_10seeds/baseline/seed_200453/benchmark.csv
baseline,0,200454,False,structural_runtime_limit,2000.013668776999,1676.2873339980288,318.65229577697755,3.9702909179904964,0.0,3.9702909179904964,1680.2576249160193,84.01230707305568,15.932505899913787,0.05518702703053169,300,299,579,299,7754,280,7474,8,24,0,0,,,,/home/mario/TAMP-scaffolding/experiments/results/report/one_arm_final_20mm_komo25_10seeds/baseline/seed_200454/benchmark.csv
baseline,0,200455,True,complete,117.07861136700376,111.4847304509749,1.797093444969505,3.750975198010565,0.0,3.750975198010565,115.23570564898546,98.42592451644188,1.5349459854252931,0.03912949813283063,15,14,50,14,478,36,442,9,29,9,31,False,11,6,/home/mario/TAMP-scaffolding/experiments/results/report/one_arm_final_20mm_komo25_10seeds/baseline/seed_200455/benchmark.csv
baseline,0,200456,False,total_runtime_limit,2007.6012573759945,1750.4297490741155,252.77652897888038,3.5159419390110997,0.0,3.5159419390110997,1753.9456910131266,87.36524170669206,12.590972836372307,0.04378545693562599,273,272,510,273,7472,237,7235,10,29,0,0,,,,/home/mario/TAMP-scaffolding/experiments/results/report/one_arm_final_20mm_komo25_10seeds/baseline/seed_200456/benchmark.csv
baseline,0,200457,True,complete,128.99631606499315,122.392004342968,3.0606488840276143,3.498101304998272,0.0,3.498101304998272,125.89010564796627,97.59201618171649,2.3726637917981668,0.03532002648534309,18,17,54,17,571,37,534,11,28,10,26,False,8,12,/home/mario/TAMP-scaffolding/experiments/results/report/one_arm_final_20mm_komo25_10seeds/baseline/seed_200457/benchmark.csv
baseline,0,200458,True,complete,79.73540971800685,74.71071665095224,1.3479757370078005,3.6354305679997196,0.0,3.6354305679997196,78.34614721895196,98.25765929595374,1.6905609963942831,0.05177970765198121,12,11,45,11,410,34,376,7,25,5,25,False,11,9,/home/mario/TAMP-scaffolding/experiments/results/report/one_arm_final_20mm_komo25_10seeds/baseline/seed_200458/benchmark.csv
baseline,0,200459,True,complete,12.51454372999433,8.742861067992635,0.11749274899193551,3.6280320080113597,0.0,3.6280320080113597,12.370893076003995,98.85213031262148,0.9388496418797423,0.2090200454987836,1,0,20,0,56,20,36,8,27,8,27,True,20,0,/home/mario/TAMP-scaffolding/experiments/results/report/one_arm_final_20mm_komo25_10seeds/baseline/seed_200459/benchmark.csv
baseline,0,200460,True,complete,21.228600219998043,17.192669366006157,0.26352983301330823,3.7394426420069067,0.0,3.7394426420069067,20.932112008013064,98.60335486601855,1.2413905310867102,0.15525460289474421,2,1,21,1,84,20,64,11,23,10,23,False,11,7,/home/mario/TAMP-scaffolding/experiments/results/report/one_arm_final_20mm_komo25_10seeds/baseline/seed_200460/benchmark.csv
baseline,0,200461,False,total_runtime_limit,2001.9758609130076,1749.1410697651008,248.0278412980697,3.9049482340051327,0.0,3.9049482340051327,1753.046017999106,87.56579198710335,12.389152443873913,0.04505556902272622,249,248,504,249,7179,255,6924,8,23,0,0,,,,/home/mario/TAMP-scaffolding/experiments/results/report/one_arm_final_20mm_komo25_10seeds/baseline/seed_200461/benchmark.csv
fewest_mandatory_supports,0,200452,True,complete,26.696956850006245,22.888156094995793,0.2858189269754803,3.4947328019916313,0.0,3.4947328019916313,26.382888896987424,98.82358144868955,1.070604895461759,0.10581365584869631,4,3,23,3,151,20,131,7,30,7,30,False,4,4,/home/mario/TAMP-scaffolding/experiments/results/report/one_arm_final_20mm_komo25_10seeds/fewest_mandatory_supports/seed_200452/benchmark.csv
fewest_mandatory_supports,0,200453,True,complete,20.695097509000334,16.830294279003283,0.15810004000377376,3.6781742759922054,0.0,3.6781742759922054,20.50846855499549,99.09819727148576,0.7639492393549524,0.1378534891592782,2,1,22,1,104,21,83,7,30,7,30,False,15,4,/home/mario/TAMP-scaffolding/experiments/results/report/one_arm_final_20mm_komo25_10seeds/fewest_mandatory_supports/seed_200453/benchmark.csv
fewest_mandatory_supports,0,200454,True,complete,119.93677754300006,114.93318190300488,1.4366405369655695,3.5256430309964344,0.0,3.5256430309964344,118.45882493400131,98.76772359631818,1.1978315295744053,0.03444487410741686,18,17,54,17,545,37,508,7,30,7,29,False,11,7,/home/mario/TAMP-scaffolding/experiments/results/report/one_arm_final_20mm_komo25_10seeds/fewest_mandatory_supports/seed_200454/benchmark.csv
fewest_mandatory_supports,0,200455,True,complete,31.161720413991134,27.270532241018373,0.3939112449879758,3.4676456699962728,0.0,3.4676456699962728,30.738177911014645,98.64082439175495,1.2640869623203335,0.09508864592472416,5,4,24,4,156,20,136,7,30,8,26,False,2,17,/home/mario/TAMP-scaffolding/experiments/results/report/one_arm_final_20mm_komo25_10seeds/fewest_mandatory_supports/seed_200455/benchmark.csv
fewest_mandatory_supports,0,200456,True,complete,31.554014408000512,27.757990719983354,0.3793095760192955,3.389243483004975,0.0,3.389243483004975,31.14723420298833,98.71084483973284,1.2020960981849638,0.0870590620821991,5,4,26,4,179,22,157,7,30,6,29,False,5,10,/home/mario/TAMP-scaffolding/experiments/results/report/one_arm_final_20mm_komo25_10seeds/fewest_mandatory_supports/seed_200456/benchmark.csv
fewest_mandatory_supports,0,200457,True,complete,24.509083604003536,20.669624714981182,0.2886027120111976,3.5229314340103883,0.0,3.5229314340103883,24.19255614899157,98.70853002859617,1.1775336714917184,0.11393629991210978,4,3,23,3,124,20,104,7,30,7,30,False,4,4,/home/mario/TAMP-scaffolding/experiments/results/report/one_arm_final_20mm_komo25_10seeds/fewest_mandatory_supports/seed_200457/benchmark.csv
fewest_mandatory_supports,0,200458,True,complete,27.4436920320004,23.631237898982363,0.36013650000677444,3.42277402599575,0.0,3.42277402599575,27.054011924978113,98.58007404190404,1.3122742362319233,0.10765172186403699,5,4,24,4,165,20,145,7,30,7,30,False,4,6,/home/mario/TAMP-scaffolding/experiments/results/report/one_arm_final_20mm_komo25_10seeds/fewest_mandatory_supports/seed_200458/benchmark.csv
fewest_mandatory_supports,0,200459,True,complete,16.926720706003834,13.21970059198793,0.1548919459892204,3.5247319100017194,0.0,3.5247319100017194,16.74443250198965,98.92307430848358,0.9150735613796765,0.1618521301367438,2,1,24,1,107,23,84,7,30,7,30,False,15,4,/home/mario/TAMP-scaffolding/experiments/results/report/one_arm_final_20mm_komo25_10seeds/fewest_mandatory_supports/seed_200459/benchmark.csv
fewest_mandatory_supports,0,200460,True,complete,12.921692151998286,9.350620677010738,0.06918560899794102,3.4773698930075625,0.0,3.4773698930075625,12.8279905700183,99.27485053135634,0.5354222046471039,0.1897272639965582,1,0,20,0,62,20,42,7,30,7,30,True,20,0,/home/mario/TAMP-scaffolding/experiments/results/report/one_arm_final_20mm_komo25_10seeds/fewest_mandatory_supports/seed_200460/benchmark.csv
fewest_mandatory_supports,0,200461,True,complete,1710.8939987940103,1523.3274135179818,183.3787861240271,3.4867351809953107,0.0,3.4867351809953107,1526.814148698977,89.24072150438374,10.718302025332296,0.04097647028397146,248,247,501,247,6868,254,6614,7,30,8,30,False,2,17,/home/mario/TAMP-scaffolding/experiments/results/report/one_arm_final_20mm_komo25_10seeds/fewest_mandatory_supports/seed_200461/benchmark.csv
highest_first,0,200452,True,complete,118.68953839200549,113.20156699398649,1.8994737369794166,3.5460415849956917,0.0,3.5460415849956917,116.74760857898218,98.36385764126106,1.6003716609848728,0.03577069775405789,16,15,47,15,558,32,526,10,26,9,23,False,2,13,/home/mario/TAMP-scaffolding/experiments/results/report/one_arm_final_20mm_komo25_10seeds/highest_first/seed_200452/benchmark.csv
highest_first,0,200453,True,complete,892.8702677279944,810.8120016180328,78.09851038909983,3.5898160159995314,0.0,3.5898160159995314,814.4018176340323,91.21166277676224,8.746904585346984,0.04143263789078141,166,165,334,165,3992,169,3823,10,26,6,24,False,1,14,/home/mario/TAMP-scaffolding/experiments/results/report/one_arm_final_20mm_komo25_10seeds/highest_first/seed_200453/benchmark.csv
highest_first,0,200454,False,total_runtime_limit,2003.7501430819975,1705.0068137038033,294.0746607549954,3.595117576987832,0.0,3.595117576987832,1708.6019312807912,85.27020882218206,14.676214086386782,0.05357709143115412,308,307,609,308,7966,301,7665,10,26,0,0,,,,/home/mario/TAMP-scaffolding/experiments/results/report/one_arm_final_20mm_komo25_10seeds/highest_first/seed_200454/benchmark.csv
highest_first,0,200455,True,complete,1021.4979750600032,957.8853805480321,59.36295956299,3.924245062007685,0.0,3.924245062007685,961.8096256100398,94.15678240121255,5.811363410632605,0.03185418815483332,167,166,325,166,4675,159,4516,10,26,10,26,False,7,3,/home/mario/TAMP-scaffolding/experiments/results/report/one_arm_final_20mm_komo25_10seeds/highest_first/seed_200455/benchmark.csv
highest_first,0,200456,True,complete,50.024425441995845,45.076300331013044,0.6957028160104528,4.2169482489989605,0.0,4.2169482489989605,49.293248580012005,98.53836029994658,1.3907262499538986,0.07091345009953247,6,5,25,5,193,20,173,10,26,9,26,False,5,10,/home/mario/TAMP-scaffolding/experiments/results/report/one_arm_final_20mm_komo25_10seeds/highest_first/seed_200456/benchmark.csv
highest_first,0,200457,False,structural_runtime_limit,2000.0094638790033,1801.452260028047,194.12346284986415,3.657656847004546,0.0,3.657656847004546,1805.1099168750516,90.25506876222748,9.706127213686438,0.038804024086084826,274,273,523,273,7507,250,7257,10,26,0,0,,,,/home/mario/TAMP-scaffolding/experiments/results/report/one_arm_final_20mm_komo25_10seeds/highest_first/seed_200457/benchmark.csv
highest_first,0,200458,True,complete,540.5635676079983,517.3705324419861,19.510352487006458,3.542927984002745,0.0,3.542927984002745,520.9134604259889,96.36488502749799,3.6092614552882383,0.025853517213773304,89,88,193,88,2661,105,2556,10,26,9,30,False,7,13,/home/mario/TAMP-scaffolding/experiments/results/report/one_arm_final_20mm_komo25_10seeds/highest_first/seed_200458/benchmark.csv
highest_first,0,200459,True,complete,55.23586567500024,51.25167443198734,0.5562548360030632,3.3988649590028217,0.0,3.3988649590028217,54.65053939099016,98.94031481745202,1.007053712665581,0.05263146988239235,5,4,24,4,196,20,176,10,26,8,24,False,2,14,/home/mario/TAMP-scaffolding/experiments/results/report/one_arm_final_20mm_komo25_10seeds/highest_first/seed_200459/benchmark.csv
highest_first,0,200460,True,complete,1677.694867669008,1491.4949937569327,182.01098964491393,3.5012072030076524,0.0,3.5012072030076524,1494.9962009599403,89.11013735394508,10.84887324581259,0.0409894002423272,257,256,507,256,6964,251,6713,10,26,9,26,False,2,15,/home/mario/TAMP-scaffolding/experiments/results/report/one_arm_final_20mm_komo25_10seeds/highest_first/seed_200460/benchmark.csv
highest_first,0,200461,True,complete,848.1809282260074,785.5632269209455,58.776545954839094,3.55805299700296,0.0,3.55805299700296,789.1212799179484,93.03690446900477,6.929717940931751,0.033377590063477396,137,136,256,136,3609,120,3489,10,26,8,27,False,3,11,/home/mario/TAMP-scaffolding/experiments/results/report/one_arm_final_20mm_komo25_10seeds/highest_first/seed_200461/benchmark.csv
default,0,200452,True,complete,56.731274577992735,52.652041266992455,0.6125464380020276,3.4343531479971716,0.0,3.4343531479971716,56.08639441498963,98.86327221131522,1.0797332557016925,0.05699453298308907,9,8,32,8,297,24,273,14,21,13,20,False,13,2,/home/mario/TAMP-scaffolding/experiments/results/report/one_arm_final_20mm_komo25_10seeds/default/seed_200452/benchmark.csv
default,0,200453,True,complete,18.15189243700297,14.508801446005236,0.06860544100345578,3.5481941569887567,0.0,3.5481941569887567,18.056995602993993,99.47720693950605,0.37795200275428203,0.14484105773966838,1,0,20,0,78,20,58,14,21,14,21,True,20,0,/home/mario/TAMP-scaffolding/experiments/results/report/one_arm_final_20mm_komo25_10seeds/default/seed_200453/benchmark.csv
default,0,200454,True,complete,1033.6774308089953,976.24253872993,53.6999363721261,3.435506541005452,0.0,3.435506541005452,979.6780452709354,94.7759925941502,5.195038101015564,0.028969304834236848,166,165,339,165,4766,174,4592,14,21,12,20,False,7,7,/home/mario/TAMP-scaffolding/experiments/results/report/one_arm_final_20mm_komo25_10seeds/default/seed_200454/benchmark.csv
default,0,200455,False,total_runtime_limit,2005.3504874069913,1720.69849814786,280.1864229939383,3.407658600001014,0.0,3.407658600001014,1724.106156747861,85.97530294952122,13.971942797701765,0.0527542527770273,348,347,647,348,8986,299,8687,14,21,0,0,,,,/home/mario/TAMP-scaffolding/experiments/results/report/one_arm_final_20mm_komo25_10seeds/default/seed_200455/benchmark.csv
default,0,200456,True,complete,74.47935146499367,69.85632117804198,1.1481957139767474,3.4367617719981354,0.0,3.4367617719981354,73.29308295004012,98.4072518199744,1.5416295810744476,0.051118598951148314,14,13,37,13,446,24,422,14,21,9,30,False,2,17,/home/mario/TAMP-scaffolding/experiments/results/report/one_arm_final_20mm_komo25_10seeds/default/seed_200456/benchmark.csv
default,0,200457,True,complete,100.85342537199904,95.64038369599439,1.7137900419911603,3.4558498800033703,0.0,3.4558498800033703,99.09623357599776,98.25767762520722,1.699287888011563,0.04303448678121898,19,18,55,18,570,37,533,14,21,14,22,False,11,9,/home/mario/TAMP-scaffolding/experiments/results/report/one_arm_final_20mm_komo25_10seeds/default/seed_200457/benchmark.csv
default,0,200458,False,structural_runtime_limit,2000.0137144040054,1695.759613023998,299.72072732391825,3.447303811000893,0.0,3.447303811000893,1699.206916834999,84.95976325549121,14.985933604621987,0.054303139886810146,302,301,567,301,7924,266,7658,14,21,0,0,,,,/home/mario/TAMP-scaffolding/experiments/results/report/one_arm_final_20mm_komo25_10seeds/default/seed_200458/benchmark.csv
default,0,200459,False,total_runtime_limit,2004.038508158992,1775.8380763549794,223.77409735492256,3.559349292991101,0.0,3.559349292991101,1779.3974256479705,88.79058054042146,11.166157558543743,0.04326190103479687,278,277,521,278,7817,243,7574,14,21,0,0,,,,/home/mario/TAMP-scaffolding/experiments/results/report/one_arm_final_20mm_komo25_10seeds/default/seed_200459/benchmark.csv
default,0,200460,False,structural_runtime_limit,2000.0129215049965,1759.9044835229142,235.59616599592846,3.5896127650048584,0.0,3.5896127650048584,1763.494096287919,88.17413514313205,11.779732193862223,0.046132663005728894,294,293,583,293,7783,290,7493,14,21,0,0,,,,/home/mario/TAMP-scaffolding/experiments/results/report/one_arm_final_20mm_komo25_10seeds/default/seed_200460/benchmark.csv
default,0,200461,True,complete,587.1824136489886,569.0368500800105,14.35542299701774,3.6458819870022126,0.0,3.6458819870022126,572.6827320670127,97.53063422116664,2.4447978453249894,0.02456793350837448,91,90,170,90,2608,80,2528,14,21,9,27,False,4,14,/home/mario/TAMP-scaffolding/experiments/results/report/one_arm_final_20mm_komo25_10seeds/default/seed_200461/benchmark.csv
