repetition,seed,run_index,removed_prefix_count,included_rod_count,excluded_rods,included_rods,initial_supports,initial_supported_rods,initial_support_count,default_order,success,elapsed_ns,elapsed_s,removal_sequence,assembly_sequence,matches_default_suffix,search_stop_reason,search_expansions,search_attempted_transitions,search_enqueued_candidates,search_backtracks,rigidity_check_calls,rigidity_cache_hits,rigidity_cache_misses,rigidity_cached_entries,peak_supports,support_steps,supported_rod_steps,support_assignment_episodes,supported_rod_episodes,support_additions,support_releases
1,452,1,0,20,[],"[0, 1, 2, 3, 4, 5, 6, 7, 8, 9, 10, 11, 12, 13, 14, 15, 16, 21, 22, 23]",{},[],0,"[8, 21, 22, 23, 13, 15, 12, 2, 7, 14, 4, 3, 1, 0, 11, 6, 9, 10, 16, 5]",True,360198713,0.360198713,"[8, 21, 22, 23, 13, 15, 12, 2, 7, 14, 4, 3, 1, 0, 11, 6, 9, 10, 16, 5]","[5, 16, 10, 9, 6, 11, 0, 1, 3, 4, 14, 7, 2, 12, 15, 13, 23, 22, 21, 8]",True,complete,20,20,210,0,109,0,109,109,2,19,19,3,3,3,3
1,453,2,2,18,"[8, 21]","[0, 1, 2, 3, 4, 5, 6, 7, 9, 10, 11, 12, 13, 14, 15, 16, 22, 23]",{},[],0,"[8, 21, 22, 23, 13, 15, 12, 2, 7, 14, 4, 3, 1, 0, 11, 6, 9, 10, 16, 5]",True,287122543,0.287122543,"[22, 23, 15, 13, 14, 2, 7, 12, 4, 3, 1, 0, 11, 6, 9, 10, 16, 5]","[5, 16, 10, 9, 6, 11, 0, 1, 3, 4, 12, 7, 2, 14, 13, 15, 23, 22]",False,complete,18,18,171,0,105,0,105,105,2,19,19,3,3,3,3
1,454,3,4,16,"[8, 21, 22, 23]","[0, 1, 2, 3, 4, 5, 6, 7, 9, 10, 11, 12, 13, 14, 15, 16]",{},[],0,"[8, 21, 22, 23, 13, 15, 12, 2, 7, 14, 4, 3, 1, 0, 11, 6, 9, 10, 16, 5]",True,245261204,0.245261204,"[13, 15, 12, 2, 7, 14, 4, 1, 3, 0, 11, 6, 9, 10, 16, 5]","[5, 16, 10, 9, 6, 11, 0, 3, 1, 4, 14, 7, 2, 12, 15, 13]",False,complete,16,16,136,0,95,0,95,95,2,19,19,3,3,3,3
1,455,4,6,14,"[8, 13, 15, 21, 22, 23]","[0, 1, 2, 3, 4, 5, 6, 7, 9, 10, 11, 12, 14, 16]",{},[],0,"[8, 21, 22, 23, 13, 15, 12, 2, 7, 14, 4, 3, 1, 0, 11, 6, 9, 10, 16, 5]",True,219401487,0.219401487,"[14, 2, 7, 12, 4, 1, 3, 0, 11, 6, 9, 10, 16, 5]","[5, 16, 10, 9, 6, 11, 0, 3, 1, 4, 12, 7, 2, 14]",False,complete,14,14,105,0,81,0,81,81,2,19,19,3,3,3,3
1,456,5,8,12,"[2, 8, 12, 13, 15, 21, 22, 23]","[0, 1, 3, 4, 5, 6, 7, 9, 10, 11, 14, 16]","{""support_1"": 9}",[9],1,"[8, 21, 22, 23, 13, 15, 12, 2, 7, 14, 4, 3, 1, 0, 11, 6, 9, 10, 16, 5]",True,109126388,0.109126388,"[7, 14, 4, 3, 1, 0, 11, 10, 16, 6, 9, 5]","[5, 9, 6, 16, 10, 11, 0, 1, 3, 4, 14, 7]",False,complete,12,12,78,0,52,0,52,52,2,17,17,2,2,1,2
1,457,6,10,10,"[2, 7, 8, 12, 13, 14, 15, 21, 22, 23]","[0, 1, 3, 4, 5, 6, 9, 10, 11, 16]","{""support_1"": 9, ""support_2"": 16}","[9, 16]",2,"[8, 21, 22, 23, 13, 15, 12, 2, 7, 14, 4, 3, 1, 0, 11, 6, 9, 10, 16, 5]",True,44066582,0.044066582,"[4, 1, 3, 0, 11, 10, 16, 6, 9, 5]","[5, 9, 6, 16, 10, 11, 0, 3, 1, 4]",False,complete,10,10,55,0,27,0,27,27,2,14,14,2,2,0,2
1,458,7,12,8,"[2, 3, 4, 7, 8, 12, 13, 14, 15, 21, 22, 23]","[0, 1, 5, 6, 9, 10, 11, 16]","{""support_1"": 9, ""support_2"": 16}","[9, 16]",2,"[8, 21, 22, 23, 13, 15, 12, 2, 7, 14, 4, 3, 1, 0, 11, 6, 9, 10, 16, 5]",True,30320820,0.030320820,"[1, 0, 11, 10, 16, 6, 9, 5]","[5, 9, 6, 16, 10, 11, 0, 1]",False,complete,8,8,36,0,21,0,21,21,2,10,10,2,2,0,2
1,459,8,14,6,"[0, 1, 2, 3, 4, 7, 8, 12, 13, 14, 15, 21, 22, 23]","[5, 6, 9, 10, 11, 16]","{""support_1"": 9, ""support_2"": 16}","[9, 16]",2,"[8, 21, 22, 23, 13, 15, 12, 2, 7, 14, 4, 3, 1, 0, 11, 6, 9, 10, 16, 5]",True,18184857,0.018184857,"[11, 6, 9, 10, 16, 5]","[5, 16, 10, 9, 6, 11]",True,complete,6,6,21,0,14,0,14,14,2,6,6,2,2,0,2
1,460,9,16,4,"[0, 1, 2, 3, 4, 6, 7, 8, 11, 12, 13, 14, 15, 21, 22, 23]","[5, 9, 10, 16]","{""support_1"": 9, ""support_2"": 16}","[9, 16]",2,"[8, 21, 22, 23, 13, 15, 12, 2, 7, 14, 4, 3, 1, 0, 11, 6, 9, 10, 16, 5]",True,8280385,0.008280385,"[9, 10, 16, 5]","[5, 16, 10, 9]",True,complete,4,4,10,0,8,0,8,8,1,2,2,1,1,0,2
1,461,10,18,2,"[0, 1, 2, 3, 4, 6, 7, 8, 9, 10, 11, 12, 13, 14, 15, 21, 22, 23]","[5, 16]","{""support_2"": 16}",[16],1,"[8, 21, 22, 23, 13, 15, 12, 2, 7, 14, 4, 3, 1, 0, 11, 6, 9, 10, 16, 5]",True,2592375,0.002592375,"[16, 5]","[5, 16]",True,complete,2,2,3,0,4,0,4,4,0,0,0,0,0,0,1
2,10452,1,0,20,[],"[0, 1, 2, 3, 4, 5, 6, 7, 8, 9, 10, 11, 12, 13, 14, 15, 16, 21, 22, 23]",{},[],0,"[8, 21, 22, 23, 15, 13, 12, 2, 7, 14, 4, 1, 3, 0, 11, 10, 16, 6, 9, 5]",True,312480321,0.312480321,"[8, 21, 22, 23, 15, 13, 12, 2, 7, 14, 4, 1, 3, 0, 11, 10, 16, 6, 9, 5]","[5, 9, 6, 16, 10, 11, 0, 3, 1, 4, 14, 7, 2, 12, 13, 15, 23, 22, 21, 8]",True,complete,20,20,210,0,109,0,109,109,2,19,19,3,3,3,3
2,10453,2,2,18,"[8, 21]","[0, 1, 2, 3, 4, 5, 6, 7, 9, 10, 11, 12, 13, 14, 15, 16, 22, 23]",{},[],0,"[8, 21, 22, 23, 15, 13, 12, 2, 7, 14, 4, 1, 3, 0, 11, 10, 16, 6, 9, 5]",True,294707574,0.294707574,"[22, 23, 15, 13, 14, 2, 7, 12, 4, 1, 3, 0, 11, 6, 9, 10, 16, 5]","[5, 16, 10, 9, 6, 11, 0, 3, 1, 4, 12, 7, 2, 14, 13, 15, 23, 22]",False,complete,18,18,171,0,105,0,105,105,2,19,19,3,3,3,3
2,10454,3,4,16,"[8, 21, 22, 23]","[0, 1, 2, 3, 4, 5, 6, 7, 9, 10, 11, 12, 13, 14, 15, 16]",{},[],0,"[8, 21, 22, 23, 15, 13, 12, 2, 7, 14, 4, 1, 3, 0, 11, 10, 16, 6, 9, 5]",True,251382504,0.251382504,"[15, 13, 14, 2, 7, 12, 4, 3, 1, 0, 11, 10, 16, 6, 9, 5]","[5, 9, 6, 16, 10, 11, 0, 1, 3, 4, 12, 7, 2, 14, 13, 15]",False,complete,16,16,136,0,95,0,95,95,2,19,19,3,3,3,3
2,10455,4,6,14,"[8, 13, 15, 21, 22, 23]","[0, 1, 2, 3, 4, 5, 6, 7, 9, 10, 11, 12, 14, 16]",{},[],0,"[8, 21, 22, 23, 15, 13, 12, 2, 7, 14, 4, 1, 3, 0, 11, 10, 16, 6, 9, 5]",True,198974596,0.198974596,"[12, 2, 7, 14, 4, 1, 3, 0, 11, 6, 9, 10, 16, 5]","[5, 16, 10, 9, 6, 11, 0, 3, 1, 4, 14, 7, 2, 12]",False,complete,14,14,105,0,81,0,81,81,2,19,19,3,3,3,3
2,10456,5,8,12,"[2, 8, 12, 13, 15, 21, 22, 23]","[0, 1, 3, 4, 5, 6, 7, 9, 10, 11, 14, 16]","{""support_1"": 9}",[9],1,"[8, 21, 22, 23, 15, 13, 12, 2, 7, 14, 4, 1, 3, 0, 11, 10, 16, 6, 9, 5]",True,104849703,0.104849703,"[7, 14, 4, 1, 3, 0, 11, 10, 16, 6, 9, 5]","[5, 9, 6, 16, 10, 11, 0, 3, 1, 4, 14, 7]",True,complete,12,12,78,0,52,0,52,52,2,17,17,2,2,1,2
2,10457,6,10,10,"[2, 7, 8, 12, 13, 14, 15, 21, 22, 23]","[0, 1, 3, 4, 5, 6, 9, 10, 11, 16]","{""support_1"": 9, ""support_2"": 16}","[9, 16]",2,"[8, 21, 22, 23, 15, 13, 12, 2, 7, 14, 4, 1, 3, 0, 11, 10, 16, 6, 9, 5]",True,41914509,0.041914509,"[4, 1, 3, 0, 11, 10, 16, 6, 9, 5]","[5, 9, 6, 16, 10, 11, 0, 3, 1, 4]",True,complete,10,10,55,0,27,0,27,27,2,14,14,2,2,0,2
2,10458,7,12,8,"[1, 2, 4, 7, 8, 12, 13, 14, 15, 21, 22, 23]","[0, 3, 5, 6, 9, 10, 11, 16]","{""support_1"": 9, ""support_2"": 16}","[9, 16]",2,"[8, 21, 22, 23, 15, 13, 12, 2, 7, 14, 4, 1, 3, 0, 11, 10, 16, 6, 9, 5]",True,29080468,0.029080468,"[3, 0, 11, 10, 16, 6, 9, 5]","[5, 9, 6, 16, 10, 11, 0, 3]",True,complete,8,8,36,0,21,0,21,21,2,10,10,2,2,0,2
2,10459,8,14,6,"[0, 1, 2, 3, 4, 7, 8, 12, 13, 14, 15, 21, 22, 23]","[5, 6, 9, 10, 11, 16]","{""support_1"": 9, ""support_2"": 16}","[9, 16]",2,"[8, 21, 22, 23, 15, 13, 12, 2, 7, 14, 4, 1, 3, 0, 11, 10, 16, 6, 9, 5]",True,17668131,0.017668131,"[11, 10, 16, 6, 9, 5]","[5, 9, 6, 16, 10, 11]",True,complete,6,6,21,0,14,0,14,14,2,6,6,2,2,0,2
2,10460,9,16,4,"[0, 1, 2, 3, 4, 7, 8, 10, 11, 12, 13, 14, 15, 21, 22, 23]","[5, 6, 9, 16]","{""support_1"": 9, ""support_2"": 16}","[9, 16]",2,"[8, 21, 22, 23, 15, 13, 12, 2, 7, 14, 4, 1, 3, 0, 11, 10, 16, 6, 9, 5]",True,8190939,0.008190939,"[16, 6, 9, 5]","[5, 9, 6, 16]",True,complete,4,4,10,0,8,0,8,8,1,2,2,1,1,0,2
2,10461,10,18,2,"[0, 1, 2, 3, 4, 6, 7, 8, 10, 11, 12, 13, 14, 15, 16, 21, 22, 23]","[5, 9]","{""support_1"": 9}",[9],1,"[8, 21, 22, 23, 15, 13, 12, 2, 7, 14, 4, 1, 3, 0, 11, 10, 16, 6, 9, 5]",True,2560858,0.002560858,"[9, 5]","[5, 9]",True,complete,2,2,3,0,4,0,4,4,0,0,0,0,0,0,1
3,20452,1,0,20,[],"[0, 1, 2, 3, 4, 5, 6, 7, 8, 9, 10, 11, 12, 13, 14, 15, 16, 21, 22, 23]",{},[],0,"[8, 21, 22, 23, 13, 15, 12, 2, 7, 14, 4, 3, 1, 0, 11, 6, 9, 10, 16, 5]",True,323350528,0.323350528,"[8, 21, 22, 23, 13, 15, 12, 2, 7, 14, 4, 3, 1, 0, 11, 6, 9, 10, 16, 5]","[5, 16, 10, 9, 6, 11, 0, 1, 3, 4, 14, 7, 2, 12, 15, 13, 23, 22, 21, 8]",True,complete,20,20,210,0,109,0,109,109,2,19,19,3,3,3,3
3,20453,2,2,18,"[8, 21]","[0, 1, 2, 3, 4, 5, 6, 7, 9, 10, 11, 12, 13, 14, 15, 16, 22, 23]",{},[],0,"[8, 21, 22, 23, 13, 15, 12, 2, 7, 14, 4, 3, 1, 0, 11, 6, 9, 10, 16, 5]",True,305766055,0.305766055,"[22, 23, 15, 13, 12, 2, 7, 14, 4, 3, 1, 0, 11, 6, 9, 10, 16, 5]","[5, 16, 10, 9, 6, 11, 0, 1, 3, 4, 14, 7, 2, 12, 13, 15, 23, 22]",False,complete,18,18,171,0,105,0,105,105,2,19,19,3,3,3,3
3,20454,3,4,16,"[8, 21, 22, 23]","[0, 1, 2, 3, 4, 5, 6, 7, 9, 10, 11, 12, 13, 14, 15, 16]",{},[],0,"[8, 21, 22, 23, 13, 15, 12, 2, 7, 14, 4, 3, 1, 0, 11, 6, 9, 10, 16, 5]",True,272645616,0.272645616,"[13, 15, 14, 2, 7, 12, 4, 3, 1, 0, 11, 10, 16, 6, 9, 5]","[5, 9, 6, 16, 10, 11, 0, 1, 3, 4, 12, 7, 2, 14, 15, 13]",False,complete,16,16,136,0,95,0,95,95,2,19,19,3,3,3,3
3,20455,4,6,14,"[8, 13, 15, 21, 22, 23]","[0, 1, 2, 3, 4, 5, 6, 7, 9, 10, 11, 12, 14, 16]",{},[],0,"[8, 21, 22, 23, 13, 15, 12, 2, 7, 14, 4, 3, 1, 0, 11, 6, 9, 10, 16, 5]",True,220400018,0.220400018,"[12, 2, 7, 14, 4, 1, 3, 0, 11, 10, 16, 6, 9, 5]","[5, 9, 6, 16, 10, 11, 0, 3, 1, 4, 14, 7, 2, 12]",False,complete,14,14,105,0,81,0,81,81,2,19,19,3,3,3,3
3,20456,5,8,12,"[2, 8, 12, 13, 15, 21, 22, 23]","[0, 1, 3, 4, 5, 6, 7, 9, 10, 11, 14, 16]","{""support_1"": 9}",[9],1,"[8, 21, 22, 23, 13, 15, 12, 2, 7, 14, 4, 3, 1, 0, 11, 6, 9, 10, 16, 5]",True,114644499,0.114644499,"[7, 14, 4, 3, 1, 0, 11, 10, 16, 6, 9, 5]","[5, 9, 6, 16, 10, 11, 0, 1, 3, 4, 14, 7]",False,complete,12,12,78,0,52,0,52,52,2,17,17,2,2,1,2
3,20457,6,10,10,"[2, 7, 8, 12, 13, 14, 15, 21, 22, 23]","[0, 1, 3, 4, 5, 6, 9, 10, 11, 16]","{""support_1"": 9, ""support_2"": 16}","[9, 16]",2,"[8, 21, 22, 23, 13, 15, 12, 2, 7, 14, 4, 3, 1, 0, 11, 6, 9, 10, 16, 5]",True,46723012,0.046723012,"[4, 3, 1, 0, 11, 10, 16, 6, 9, 5]","[5, 9, 6, 16, 10, 11, 0, 1, 3, 4]",False,complete,10,10,55,0,27,0,27,27,2,14,14,2,2,0,2
3,20458,7,12,8,"[2, 3, 4, 7, 8, 12, 13, 14, 15, 21, 22, 23]","[0, 1, 5, 6, 9, 10, 11, 16]","{""support_1"": 9, ""support_2"": 16}","[9, 16]",2,"[8, 21, 22, 23, 13, 15, 12, 2, 7, 14, 4, 3, 1, 0, 11, 6, 9, 10, 16, 5]",True,32232905,0.032232905,"[1, 0, 11, 6, 9, 10, 16, 5]","[5, 16, 10, 9, 6, 11, 0, 1]",True,complete,8,8,36,0,21,0,21,21,2,10,10,2,2,0,2
3,20459,8,14,6,"[0, 1, 2, 3, 4, 7, 8, 12, 13, 14, 15, 21, 22, 23]","[5, 6, 9, 10, 11, 16]","{""support_1"": 9, ""support_2"": 16}","[9, 16]",2,"[8, 21, 22, 23, 13, 15, 12, 2, 7, 14, 4, 3, 1, 0, 11, 6, 9, 10, 16, 5]",True,18654661,0.018654661,"[11, 10, 16, 6, 9, 5]","[5, 9, 6, 16, 10, 11]",False,complete,6,6,21,0,14,0,14,14,2,6,6,2,2,0,2
3,20460,9,16,4,"[0, 1, 2, 3, 4, 6, 7, 8, 11, 12, 13, 14, 15, 21, 22, 23]","[5, 9, 10, 16]","{""support_1"": 9, ""support_2"": 16}","[9, 16]",2,"[8, 21, 22, 23, 13, 15, 12, 2, 7, 14, 4, 3, 1, 0, 11, 6, 9, 10, 16, 5]",True,9267252,0.009267252,"[9, 10, 16, 5]","[5, 16, 10, 9]",True,complete,4,4,10,0,8,0,8,8,1,2,2,1,1,0,2
3,20461,10,18,2,"[0, 1, 2, 3, 4, 6, 7, 8, 9, 10, 11, 12, 13, 14, 15, 21, 22, 23]","[5, 16]","{""support_2"": 16}",[16],1,"[8, 21, 22, 23, 13, 15, 12, 2, 7, 14, 4, 3, 1, 0, 11, 6, 9, 10, 16, 5]",True,2858104,0.002858104,"[16, 5]","[5, 16]",True,complete,2,2,3,0,4,0,4,4,0,0,0,0,0,0,1
4,30452,1,0,20,[],"[0, 1, 2, 3, 4, 5, 6, 7, 8, 9, 10, 11, 12, 13, 14, 15, 16, 21, 22, 23]",{},[],0,"[8, 21, 22, 23, 13, 15, 12, 2, 7, 14, 4, 1, 3, 0, 11, 6, 9, 10, 16, 5]",True,331289731,0.331289731,"[8, 21, 22, 23, 13, 15, 12, 2, 7, 14, 4, 1, 3, 0, 11, 6, 9, 10, 16, 5]","[5, 16, 10, 9, 6, 11, 0, 3, 1, 4, 14, 7, 2, 12, 15, 13, 23, 22, 21, 8]",True,complete,20,20,210,0,109,0,109,109,2,19,19,3,3,3,3
4,30453,2,2,18,"[8, 21]","[0, 1, 2, 3, 4, 5, 6, 7, 9, 10, 11, 12, 13, 14, 15, 16, 22, 23]",{},[],0,"[8, 21, 22, 23, 13, 15, 12, 2, 7, 14, 4, 1, 3, 0, 11, 6, 9, 10, 16, 5]",True,317876080,0.317876080,"[22, 23, 15, 13, 14, 2, 7, 12, 4, 1, 3, 0, 11, 6, 9, 10, 16, 5]","[5, 16, 10, 9, 6, 11, 0, 3, 1, 4, 12, 7, 2, 14, 13, 15, 23, 22]",False,complete,18,18,171,0,105,0,105,105,2,19,19,3,3,3,3
4,30454,3,4,16,"[8, 21, 22, 23]","[0, 1, 2, 3, 4, 5, 6, 7, 9, 10, 11, 12, 13, 14, 15, 16]",{},[],0,"[8, 21, 22, 23, 13, 15, 12, 2, 7, 14, 4, 1, 3, 0, 11, 6, 9, 10, 16, 5]",True,262180075,0.262180075,"[13, 15, 12, 2, 7, 14, 4, 3, 1, 0, 11, 6, 9, 10, 16, 5]","[5, 16, 10, 9, 6, 11, 0, 1, 3, 4, 14, 7, 2, 12, 15, 13]",False,complete,16,16,136,0,95,0,95,95,2,19,19,3,3,3,3
4,30455,4,6,14,"[8, 13, 15, 21, 22, 23]","[0, 1, 2, 3, 4, 5, 6, 7, 9, 10, 11, 12, 14, 16]",{},[],0,"[8, 21, 22, 23, 13, 15, 12, 2, 7, 14, 4, 1, 3, 0, 11, 6, 9, 10, 16, 5]",True,202088937,0.202088937,"[14, 2, 7, 12, 4, 3, 1, 0, 11, 6, 9, 10, 16, 5]","[5, 16, 10, 9, 6, 11, 0, 1, 3, 4, 12, 7, 2, 14]",False,complete,14,14,105,0,81,0,81,81,2,19,19,3,3,3,3
4,30456,5,8,12,"[2, 8, 12, 13, 15, 21, 22, 23]","[0, 1, 3, 4, 5, 6, 7, 9, 10, 11, 14, 16]","{""support_1"": 9}",[9],1,"[8, 21, 22, 23, 13, 15, 12, 2, 7, 14, 4, 1, 3, 0, 11, 6, 9, 10, 16, 5]",True,107173203,0.107173203,"[7, 14, 4, 1, 3, 0, 11, 10, 16, 6, 9, 5]","[5, 9, 6, 16, 10, 11, 0, 3, 1, 4, 14, 7]",False,complete,12,12,78,0,52,0,52,52,2,17,17,2,2,1,2
4,30457,6,10,10,"[2, 7, 8, 12, 13, 14, 15, 21, 22, 23]","[0, 1, 3, 4, 5, 6, 9, 10, 11, 16]","{""support_1"": 9, ""support_2"": 16}","[9, 16]",2,"[8, 21, 22, 23, 13, 15, 12, 2, 7, 14, 4, 1, 3, 0, 11, 6, 9, 10, 16, 5]",True,43567449,0.043567449,"[4, 1, 3, 0, 11, 6, 9, 10, 16, 5]","[5, 16, 10, 9, 6, 11, 0, 3, 1, 4]",True,complete,10,10,55,0,27,0,27,27,2,14,14,2,2,0,2
4,30458,7,12,8,"[1, 2, 4, 7, 8, 12, 13, 14, 15, 21, 22, 23]","[0, 3, 5, 6, 9, 10, 11, 16]","{""support_1"": 9, ""support_2"": 16}","[9, 16]",2,"[8, 21, 22, 23, 13, 15, 12, 2, 7, 14, 4, 1, 3, 0, 11, 6, 9, 10, 16, 5]",True,30179177,0.030179177,"[3, 0, 11, 10, 16, 6, 9, 5]","[5, 9, 6, 16, 10, 11, 0, 3]",False,complete,8,8,36,0,21,0,21,21,2,10,10,2,2,0,2
4,30459,8,14,6,"[0, 1, 2, 3, 4, 7, 8, 12, 13, 14, 15, 21, 22, 23]","[5, 6, 9, 10, 11, 16]","{""support_1"": 9, ""support_2"": 16}","[9, 16]",2,"[8, 21, 22, 23, 13, 15, 12, 2, 7, 14, 4, 1, 3, 0, 11, 6, 9, 10, 16, 5]",True,18541756,0.018541756,"[11, 6, 9, 10, 16, 5]","[5, 16, 10, 9, 6, 11]",True,complete,6,6,21,0,14,0,14,14,2,6,6,2,2,0,2
4,30460,9,16,4,"[0, 1, 2, 3, 4, 6, 7, 8, 11, 12, 13, 14, 15, 21, 22, 23]","[5, 9, 10, 16]","{""support_1"": 9, ""support_2"": 16}","[9, 16]",2,"[8, 21, 22, 23, 13, 15, 12, 2, 7, 14, 4, 1, 3, 0, 11, 6, 9, 10, 16, 5]",True,8452427,0.008452427,"[9, 10, 16, 5]","[5, 16, 10, 9]",True,complete,4,4,10,0,8,0,8,8,1,2,2,1,1,0,2
4,30461,10,18,2,"[0, 1, 2, 3, 4, 6, 7, 8, 9, 10, 11, 12, 13, 14, 15, 21, 22, 23]","[5, 16]","{""support_2"": 16}",[16],1,"[8, 21, 22, 23, 13, 15, 12, 2, 7, 14, 4, 1, 3, 0, 11, 6, 9, 10, 16, 5]",True,2640587,0.002640587,"[16, 5]","[5, 16]",True,complete,2,2,3,0,4,0,4,4,0,0,0,0,0,0,1
5,40452,1,0,20,[],"[0, 1, 2, 3, 4, 5, 6, 7, 8, 9, 10, 11, 12, 13, 14, 15, 16, 21, 22, 23]",{},[],0,"[8, 21, 22, 23, 15, 13, 12, 2, 7, 14, 4, 3, 1, 0, 11, 10, 16, 6, 9, 5]",True,313644426,0.313644426,"[8, 21, 22, 23, 15, 13, 12, 2, 7, 14, 4, 3, 1, 0, 11, 10, 16, 6, 9, 5]","[5, 9, 6, 16, 10, 11, 0, 1, 3, 4, 14, 7, 2, 12, 13, 15, 23, 22, 21, 8]",True,complete,20,20,210,0,109,0,109,109,2,19,19,3,3,3,3
5,40453,2,2,18,"[8, 21]","[0, 1, 2, 3, 4, 5, 6, 7, 9, 10, 11, 12, 13, 14, 15, 16, 22, 23]",{},[],0,"[8, 21, 22, 23, 15, 13, 12, 2, 7, 14, 4, 3, 1, 0, 11, 10, 16, 6, 9, 5]",True,297050100,0.297050100,"[22, 23, 13, 15, 14, 2, 7, 12, 4, 1, 3, 0, 11, 6, 9, 10, 16, 5]","[5, 16, 10, 9, 6, 11, 0, 3, 1, 4, 12, 7, 2, 14, 15, 13, 23, 22]",False,complete,18,18,171,0,105,0,105,105,2,19,19,3,3,3,3
5,40454,3,4,16,"[8, 21, 22, 23]","[0, 1, 2, 3, 4, 5, 6, 7, 9, 10, 11, 12, 13, 14, 15, 16]",{},[],0,"[8, 21, 22, 23, 15, 13, 12, 2, 7, 14, 4, 3, 1, 0, 11, 10, 16, 6, 9, 5]",True,274786472,0.274786472,"[15, 13, 14, 2, 7, 12, 4, 3, 1, 0, 11, 6, 9, 10, 16, 5]","[5, 16, 10, 9, 6, 11, 0, 1, 3, 4, 12, 7, 2, 14, 13, 15]",False,complete,16,16,136,0,95,0,95,95,2,19,19,3,3,3,3
5,40455,4,6,14,"[8, 13, 15, 21, 22, 23]","[0, 1, 2, 3, 4, 5, 6, 7, 9, 10, 11, 12, 14, 16]",{},[],0,"[8, 21, 22, 23, 15, 13, 12, 2, 7, 14, 4, 3, 1, 0, 11, 10, 16, 6, 9, 5]",True,201288491,0.201288491,"[14, 2, 7, 12, 4, 1, 3, 0, 11, 10, 16, 6, 9, 5]","[5, 9, 6, 16, 10, 11, 0, 3, 1, 4, 12, 7, 2, 14]",False,complete,14,14,105,0,81,0,81,81,2,19,19,3,3,3,3
5,40456,5,8,12,"[2, 8, 12, 13, 15, 21, 22, 23]","[0, 1, 3, 4, 5, 6, 7, 9, 10, 11, 14, 16]","{""support_1"": 9}",[9],1,"[8, 21, 22, 23, 15, 13, 12, 2, 7, 14, 4, 3, 1, 0, 11, 10, 16, 6, 9, 5]",True,105185633,0.105185633,"[7, 14, 4, 3, 1, 0, 11, 10, 16, 6, 9, 5]","[5, 9, 6, 16, 10, 11, 0, 1, 3, 4, 14, 7]",True,complete,12,12,78,0,52,0,52,52,2,17,17,2,2,1,2
5,40457,6,10,10,"[2, 7, 8, 12, 13, 14, 15, 21, 22, 23]","[0, 1, 3, 4, 5, 6, 9, 10, 11, 16]","{""support_1"": 9, ""support_2"": 16}","[9, 16]",2,"[8, 21, 22, 23, 15, 13, 12, 2, 7, 14, 4, 3, 1, 0, 11, 10, 16, 6, 9, 5]",True,42287972,0.042287972,"[4, 3, 1, 0, 11, 10, 16, 6, 9, 5]","[5, 9, 6, 16, 10, 11, 0, 1, 3, 4]",True,complete,10,10,55,0,27,0,27,27,2,14,14,2,2,0,2
5,40458,7,12,8,"[2, 3, 4, 7, 8, 12, 13, 14, 15, 21, 22, 23]","[0, 1, 5, 6, 9, 10, 11, 16]","{""support_1"": 9, ""support_2"": 16}","[9, 16]",2,"[8, 21, 22, 23, 15, 13, 12, 2, 7, 14, 4, 3, 1, 0, 11, 10, 16, 6, 9, 5]",True,29318056,0.029318056,"[1, 0, 11, 10, 16, 6, 9, 5]","[5, 9, 6, 16, 10, 11, 0, 1]",True,complete,8,8,36,0,21,0,21,21,2,10,10,2,2,0,2
5,40459,8,14,6,"[0, 1, 2, 3, 4, 7, 8, 12, 13, 14, 15, 21, 22, 23]","[5, 6, 9, 10, 11, 16]","{""support_1"": 9, ""support_2"": 16}","[9, 16]",2,"[8, 21, 22, 23, 15, 13, 12, 2, 7, 14, 4, 3, 1, 0, 11, 10, 16, 6, 9, 5]",True,17349875,0.017349875,"[11, 10, 16, 6, 9, 5]","[5, 9, 6, 16, 10, 11]",True,complete,6,6,21,0,14,0,14,14,2,6,6,2,2,0,2
5,40460,9,16,4,"[0, 1, 2, 3, 4, 7, 8, 10, 11, 12, 13, 14, 15, 21, 22, 23]","[5, 6, 9, 16]","{""support_1"": 9, ""support_2"": 16}","[9, 16]",2,"[8, 21, 22, 23, 15, 13, 12, 2, 7, 14, 4, 3, 1, 0, 11, 10, 16, 6, 9, 5]",True,8226916,0.008226916,"[16, 6, 9, 5]","[5, 9, 6, 16]",True,complete,4,4,10,0,8,0,8,8,1,2,2,1,1,0,2
5,40461,10,18,2,"[0, 1, 2, 3, 4, 6, 7, 8, 10, 11, 12, 13, 14, 15, 16, 21, 22, 23]","[5, 9]","{""support_1"": 9}",[9],1,"[8, 21, 22, 23, 15, 13, 12, 2, 7, 14, 4, 3, 1, 0, 11, 10, 16, 6, 9, 5]",True,2737194,0.002737194,"[9, 5]","[5, 9]",True,complete,2,2,3,0,4,0,4,4,0,0,0,0,0,0,1
6,50452,1,0,20,[],"[0, 1, 2, 3, 4, 5, 6, 7, 8, 9, 10, 11, 12, 13, 14, 15, 16, 21, 22, 23]",{},[],0,"[8, 21, 22, 23, 13, 15, 12, 2, 7, 14, 4, 3, 1, 0, 11, 6, 9, 10, 16, 5]",True,310255432,0.310255432,"[8, 21, 22, 23, 13, 15, 12, 2, 7, 14, 4, 3, 1, 0, 11, 6, 9, 10, 16, 5]","[5, 16, 10, 9, 6, 11, 0, 1, 3, 4, 14, 7, 2, 12, 15, 13, 23, 22, 21, 8]",True,complete,20,20,210,0,109,0,109,109,2,19,19,3,3,3,3
6,50453,2,2,18,"[8, 21]","[0, 1, 2, 3, 4, 5, 6, 7, 9, 10, 11, 12, 13, 14, 15, 16, 22, 23]",{},[],0,"[8, 21, 22, 23, 13, 15, 12, 2, 7, 14, 4, 3, 1, 0, 11, 6, 9, 10, 16, 5]",True,288165270,0.288165270,"[22, 23, 13, 15, 12, 2, 7, 14, 4, 1, 3, 0, 11, 10, 16, 6, 9, 5]","[5, 9, 6, 16, 10, 11, 0, 3, 1, 4, 14, 7, 2, 12, 15, 13, 23, 22]",False,complete,18,18,171,0,105,0,105,105,2,19,19,3,3,3,3
6,50454,3,4,16,"[8, 21, 22, 23]","[0, 1, 2, 3, 4, 5, 6, 7, 9, 10, 11, 12, 13, 14, 15, 16]",{},[],0,"[8, 21, 22, 23, 13, 15, 12, 2, 7, 14, 4, 3, 1, 0, 11, 6, 9, 10, 16, 5]",True,255949370,0.255949370,"[15, 13, 12, 2, 7, 14, 4, 1, 3, 0, 11, 6, 9, 10, 16, 5]","[5, 16, 10, 9, 6, 11, 0, 3, 1, 4, 14, 7, 2, 12, 13, 15]",False,complete,16,16,136,0,95,0,95,95,2,19,19,3,3,3,3
6,50455,4,6,14,"[8, 13, 15, 21, 22, 23]","[0, 1, 2, 3, 4, 5, 6, 7, 9, 10, 11, 12, 14, 16]",{},[],0,"[8, 21, 22, 23, 13, 15, 12, 2, 7, 14, 4, 3, 1, 0, 11, 6, 9, 10, 16, 5]",True,204705327,0.204705327,"[12, 2, 7, 14, 4, 3, 1, 0, 11, 10, 16, 6, 9, 5]","[5, 9, 6, 16, 10, 11, 0, 1, 3, 4, 14, 7, 2, 12]",False,complete,14,14,105,0,81,0,81,81,2,19,19,3,3,3,3
6,50456,5,8,12,"[2, 8, 12, 13, 15, 21, 22, 23]","[0, 1, 3, 4, 5, 6, 7, 9, 10, 11, 14, 16]","{""support_1"": 9}",[9],1,"[8, 21, 22, 23, 13, 15, 12, 2, 7, 14, 4, 3, 1, 0, 11, 6, 9, 10, 16, 5]",True,110575729,0.110575729,"[7, 14, 4, 1, 3, 0, 11, 6, 9, 10, 16, 5]","[5, 16, 10, 9, 6, 11, 0, 3, 1, 4, 14, 7]",False,complete,12,12,78,0,52,0,52,52,2,17,17,2,2,1,2
6,50457,6,10,10,"[2, 7, 8, 12, 13, 14, 15, 21, 22, 23]","[0, 1, 3, 4, 5, 6, 9, 10, 11, 16]","{""support_1"": 9, ""support_2"": 16}","[9, 16]",2,"[8, 21, 22, 23, 13, 15, 12, 2, 7, 14, 4, 3, 1, 0, 11, 6, 9, 10, 16, 5]",True,43040662,0.043040662,"[4, 1, 3, 0, 11, 6, 9, 10, 16, 5]","[5, 16, 10, 9, 6, 11, 0, 3, 1, 4]",False,complete,10,10,55,0,27,0,27,27,2,14,14,2,2,0,2
6,50458,7,12,8,"[2, 3, 4, 7, 8, 12, 13, 14, 15, 21, 22, 23]","[0, 1, 5, 6, 9, 10, 11, 16]","{""support_1"": 9, ""support_2"": 16}","[9, 16]",2,"[8, 21, 22, 23, 13, 15, 12, 2, 7, 14, 4, 3, 1, 0, 11, 6, 9, 10, 16, 5]",True,29153087,0.029153087,"[1, 0, 11, 10, 16, 6, 9, 5]","[5, 9, 6, 16, 10, 11, 0, 1]",False,complete,8,8,36,0,21,0,21,21,2,10,10,2,2,0,2
6,50459,8,14,6,"[0, 1, 2, 3, 4, 7, 8, 12, 13, 14, 15, 21, 22, 23]","[5, 6, 9, 10, 11, 16]","{""support_1"": 9, ""support_2"": 16}","[9, 16]",2,"[8, 21, 22, 23, 13, 15, 12, 2, 7, 14, 4, 3, 1, 0, 11, 6, 9, 10, 16, 5]",True,17272319,0.017272319,"[11, 6, 9, 10, 16, 5]","[5, 16, 10, 9, 6, 11]",True,complete,6,6,21,0,14,0,14,14,2,6,6,2,2,0,2
6,50460,9,16,4,"[0, 1, 2, 3, 4, 6, 7, 8, 11, 12, 13, 14, 15, 21, 22, 23]","[5, 9, 10, 16]","{""support_1"": 9, ""support_2"": 16}","[9, 16]",2,"[8, 21, 22, 23, 13, 15, 12, 2, 7, 14, 4, 3, 1, 0, 11, 6, 9, 10, 16, 5]",True,7940170,0.007940170,"[9, 10, 16, 5]","[5, 16, 10, 9]",True,complete,4,4,10,0,8,0,8,8,1,2,2,1,1,0,2
6,50461,10,18,2,"[0, 1, 2, 3, 4, 6, 7, 8, 9, 10, 11, 12, 13, 14, 15, 21, 22, 23]","[5, 16]","{""support_2"": 16}",[16],1,"[8, 21, 22, 23, 13, 15, 12, 2, 7, 14, 4, 3, 1, 0, 11, 6, 9, 10, 16, 5]",True,2664753,0.002664753,"[16, 5]","[5, 16]",True,complete,2,2,3,0,4,0,4,4,0,0,0,0,0,0,1
7,60452,1,0,20,[],"[0, 1, 2, 3, 4, 5, 6, 7, 8, 9, 10, 11, 12, 13, 14, 15, 16, 21, 22, 23]",{},[],0,"[8, 21, 22, 23, 13, 15, 14, 2, 7, 12, 4, 3, 1, 0, 11, 10, 16, 6, 9, 5]",True,315948348,0.315948348,"[8, 21, 22, 23, 13, 15, 14, 2, 7, 12, 4, 3, 1, 0, 11, 10, 16, 6, 9, 5]","[5, 9, 6, 16, 10, 11, 0, 1, 3, 4, 12, 7, 2, 14, 15, 13, 23, 22, 21, 8]",True,complete,20,20,210,0,109,0,109,109,2,19,19,3,3,3,3
7,60453,2,2,18,"[8, 21]","[0, 1, 2, 3, 4, 5, 6, 7, 9, 10, 11, 12, 13, 14, 15, 16, 22, 23]",{},[],0,"[8, 21, 22, 23, 13, 15, 14, 2, 7, 12, 4, 3, 1, 0, 11, 10, 16, 6, 9, 5]",True,287566064,0.287566064,"[22, 23, 13, 15, 14, 2, 7, 12, 4, 1, 3, 0, 11, 10, 16, 6, 9, 5]","[5, 9, 6, 16, 10, 11, 0, 3, 1, 4, 12, 7, 2, 14, 15, 13, 23, 22]",False,complete,18,18,171,0,105,0,105,105,2,19,19,3,3,3,3
7,60454,3,4,16,"[8, 21, 22, 23]","[0, 1, 2, 3, 4, 5, 6, 7, 9, 10, 11, 12, 13, 14, 15, 16]",{},[],0,"[8, 21, 22, 23, 13, 15, 14, 2, 7, 12, 4, 3, 1, 0, 11, 10, 16, 6, 9, 5]",True,258046776,0.258046776,"[13, 15, 14, 2, 7, 12, 4, 3, 1, 0, 11, 6, 9, 10, 16, 5]","[5, 16, 10, 9, 6, 11, 0, 1, 3, 4, 12, 7, 2, 14, 15, 13]",False,complete,16,16,136,0,95,0,95,95,2,19,19,3,3,3,3
7,60455,4,6,14,"[8, 13, 15, 21, 22, 23]","[0, 1, 2, 3, 4, 5, 6, 7, 9, 10, 11, 12, 14, 16]",{},[],0,"[8, 21, 22, 23, 13, 15, 14, 2, 7, 12, 4, 3, 1, 0, 11, 10, 16, 6, 9, 5]",True,215251048,0.215251048,"[12, 2, 7, 14, 4, 3, 1, 0, 11, 6, 9, 10, 16, 5]","[5, 16, 10, 9, 6, 11, 0, 1, 3, 4, 14, 7, 2, 12]",False,complete,14,14,105,0,81,0,81,81,2,19,19,3,3,3,3
7,60456,5,8,12,"[2, 8, 13, 14, 15, 21, 22, 23]","[0, 1, 3, 4, 5, 6, 7, 9, 10, 11, 12, 16]","{""support_1"": 9}",[9],1,"[8, 21, 22, 23, 13, 15, 14, 2, 7, 12, 4, 3, 1, 0, 11, 10, 16, 6, 9, 5]",True,110662973,0.110662973,"[7, 12, 4, 3, 1, 0, 11, 10, 16, 6, 9, 5]","[5, 9, 6, 16, 10, 11, 0, 1, 3, 4, 12, 7]",True,complete,12,12,78,0,52,0,52,52,2,17,17,2,2,1,2
7,60457,6,10,10,"[2, 7, 8, 12, 13, 14, 15, 21, 22, 23]","[0, 1, 3, 4, 5, 6, 9, 10, 11, 16]","{""support_1"": 9, ""support_2"": 16}","[9, 16]",2,"[8, 21, 22, 23, 13, 15, 14, 2, 7, 12, 4, 3, 1, 0, 11, 10, 16, 6, 9, 5]",True,44543212,0.044543212,"[4, 3, 1, 0, 11, 6, 9, 10, 16, 5]","[5, 16, 10, 9, 6, 11, 0, 1, 3, 4]",False,complete,10,10,55,0,27,0,27,27,2,14,14,2,2,0,2
7,60458,7,12,8,"[2, 3, 4, 7, 8, 12, 13, 14, 15, 21, 22, 23]","[0, 1, 5, 6, 9, 10, 11, 16]","{""support_1"": 9, ""support_2"": 16}","[9, 16]",2,"[8, 21, 22, 23, 13, 15, 14, 2, 7, 12, 4, 3, 1, 0, 11, 10, 16, 6, 9, 5]",True,31964742,0.031964742,"[1, 0, 11, 10, 16, 6, 9, 5]","[5, 9, 6, 16, 10, 11, 0, 1]",True,complete,8,8,36,0,21,0,21,21,2,10,10,2,2,0,2
7,60459,8,14,6,"[0, 1, 2, 3, 4, 7, 8, 12, 13, 14, 15, 21, 22, 23]","[5, 6, 9, 10, 11, 16]","{""support_1"": 9, ""support_2"": 16}","[9, 16]",2,"[8, 21, 22, 23, 13, 15, 14, 2, 7, 12, 4, 3, 1, 0, 11, 10, 16, 6, 9, 5]",True,17979124,0.017979124,"[11, 6, 9, 10, 16, 5]","[5, 16, 10, 9, 6, 11]",False,complete,6,6,21,0,14,0,14,14,2,6,6,2,2,0,2
7,60460,9,16,4,"[0, 1, 2, 3, 4, 7, 8, 10, 11, 12, 13, 14, 15, 21, 22, 23]","[5, 6, 9, 16]","{""support_1"": 9, ""support_2"": 16}","[9, 16]",2,"[8, 21, 22, 23, 13, 15, 14, 2, 7, 12, 4, 3, 1, 0, 11, 10, 16, 6, 9, 5]",True,8736599,0.008736599,"[16, 6, 9, 5]","[5, 9, 6, 16]",True,complete,4,4,10,0,8,0,8,8,1,2,2,1,1,0,2
7,60461,10,18,2,"[0, 1, 2, 3, 4, 6, 7, 8, 10, 11, 12, 13, 14, 15, 16, 21, 22, 23]","[5, 9]","{""support_1"": 9}",[9],1,"[8, 21, 22, 23, 13, 15, 14, 2, 7, 12, 4, 3, 1, 0, 11, 10, 16, 6, 9, 5]",True,2707134,0.002707134,"[9, 5]","[5, 9]",True,complete,2,2,3,0,4,0,4,4,0,0,0,0,0,0,1
8,70452,1,0,20,[],"[0, 1, 2, 3, 4, 5, 6, 7, 8, 9, 10, 11, 12, 13, 14, 15, 16, 21, 22, 23]",{},[],0,"[8, 21, 22, 23, 15, 13, 12, 2, 7, 14, 4, 3, 1, 0, 11, 6, 9, 10, 16, 5]",True,320349938,0.320349938,"[8, 21, 22, 23, 15, 13, 12, 2, 7, 14, 4, 3, 1, 0, 11, 6, 9, 10, 16, 5]","[5, 16, 10, 9, 6, 11, 0, 1, 3, 4, 14, 7, 2, 12, 13, 15, 23, 22, 21, 8]",True,complete,20,20,210,0,109,0,109,109,2,19,19,3,3,3,3
8,70453,2,2,18,"[8, 21]","[0, 1, 2, 3, 4, 5, 6, 7, 9, 10, 11, 12, 13, 14, 15, 16, 22, 23]",{},[],0,"[8, 21, 22, 23, 15, 13, 12, 2, 7, 14, 4, 3, 1, 0, 11, 6, 9, 10, 16, 5]",True,308227667,0.308227667,"[22, 23, 13, 15, 14, 2, 7, 12, 4, 3, 1, 0, 11, 10, 16, 6, 9, 5]","[5, 9, 6, 16, 10, 11, 0, 1, 3, 4, 12, 7, 2, 14, 15, 13, 23, 22]",False,complete,18,18,171,0,105,0,105,105,2,19,19,3,3,3,3
8,70454,3,4,16,"[8, 21, 22, 23]","[0, 1, 2, 3, 4, 5, 6, 7, 9, 10, 11, 12, 13, 14, 15, 16]",{},[],0,"[8, 21, 22, 23, 15, 13, 12, 2, 7, 14, 4, 3, 1, 0, 11, 6, 9, 10, 16, 5]",True,259846189,0.259846189,"[13, 15, 14, 2, 7, 12, 4, 1, 3, 0, 11, 10, 16, 6, 9, 5]","[5, 9, 6, 16, 10, 11, 0, 3, 1, 4, 12, 7, 2, 14, 15, 13]",False,complete,16,16,136,0,95,0,95,95,2,19,19,3,3,3,3
8,70455,4,6,14,"[8, 13, 15, 21, 22, 23]","[0, 1, 2, 3, 4, 5, 6, 7, 9, 10, 11, 12, 14, 16]",{},[],0,"[8, 21, 22, 23, 15, 13, 12, 2, 7, 14, 4, 3, 1, 0, 11, 6, 9, 10, 16, 5]",True,215823425,0.215823425,"[12, 2, 7, 14, 4, 3, 1, 0, 11, 10, 16, 6, 9, 5]","[5, 9, 6, 16, 10, 11, 0, 1, 3, 4, 14, 7, 2, 12]",False,complete,14,14,105,0,81,0,81,81,2,19,19,3,3,3,3
8,70456,5,8,12,"[2, 8, 12, 13, 15, 21, 22, 23]","[0, 1, 3, 4, 5, 6, 7, 9, 10, 11, 14, 16]","{""support_1"": 9}",[9],1,"[8, 21, 22, 23, 15, 13, 12, 2, 7, 14, 4, 3, 1, 0, 11, 6, 9, 10, 16, 5]",True,114045587,0.114045587,"[7, 14, 4, 3, 1, 0, 11, 6, 9, 10, 16, 5]","[5, 16, 10, 9, 6, 11, 0, 1, 3, 4, 14, 7]",True,complete,12,12,78,0,52,0,52,52,2,17,17,2,2,1,2
8,70457,6,10,10,"[2, 7, 8, 12, 13, 14, 15, 21, 22, 23]","[0, 1, 3, 4, 5, 6, 9, 10, 11, 16]","{""support_1"": 9, ""support_2"": 16}","[9, 16]",2,"[8, 21, 22, 23, 15, 13, 12, 2, 7, 14, 4, 3, 1, 0, 11, 6, 9, 10, 16, 5]",True,44353820,0.044353820,"[4, 3, 1, 0, 11, 6, 9, 10, 16, 5]","[5, 16, 10, 9, 6, 11, 0, 1, 3, 4]",True,complete,10,10,55,0,27,0,27,27,2,14,14,2,2,0,2
8,70458,7,12,8,"[2, 3, 4, 7, 8, 12, 13, 14, 15, 21, 22, 23]","[0, 1, 5, 6, 9, 10, 11, 16]","{""support_1"": 9, ""support_2"": 16}","[9, 16]",2,"[8, 21, 22, 23, 15, 13, 12, 2, 7, 14, 4, 3, 1, 0, 11, 6, 9, 10, 16, 5]",True,30663681,0.030663681,"[1, 0, 11, 6, 9, 10, 16, 5]","[5, 16, 10, 9, 6, 11, 0, 1]",True,complete,8,8,36,0,21,0,21,21,2,10,10,2,2,0,2
8,70459,8,14,6,"[0, 1, 2, 3, 4, 7, 8, 12, 13, 14, 15, 21, 22, 23]","[5, 6, 9, 10, 11, 16]","{""support_1"": 9, ""support_2"": 16}","[9, 16]",2,"[8, 21, 22, 23, 15, 13, 12, 2, 7, 14, 4, 3, 1, 0, 11, 6, 9, 10, 16, 5]",True,18335447,0.018335447,"[11, 6, 9, 10, 16, 5]","[5, 16, 10, 9, 6, 11]",True,complete,6,6,21,0,14,0,14,14,2,6,6,2,2,0,2
8,70460,9,16,4,"[0, 1, 2, 3, 4, 6, 7, 8, 11, 12, 13, 14, 15, 21, 22, 23]","[5, 9, 10, 16]","{""support_1"": 9, ""support_2"": 16}","[9, 16]",2,"[8, 21, 22, 23, 15, 13, 12, 2, 7, 14, 4, 3, 1, 0, 11, 6, 9, 10, 16, 5]",True,8734617,0.008734617,"[9, 10, 16, 5]","[5, 16, 10, 9]",True,complete,4,4,10,0,8,0,8,8,1,2,2,1,1,0,2
8,70461,10,18,2,"[0, 1, 2, 3, 4, 6, 7, 8, 9, 10, 11, 12, 13, 14, 15, 21, 22, 23]","[5, 16]","{""support_2"": 16}",[16],1,"[8, 21, 22, 23, 15, 13, 12, 2, 7, 14, 4, 3, 1, 0, 11, 6, 9, 10, 16, 5]",True,2705979,0.002705979,"[16, 5]","[5, 16]",True,complete,2,2,3,0,4,0,4,4,0,0,0,0,0,0,1
9,80452,1,0,20,[],"[0, 1, 2, 3, 4, 5, 6, 7, 8, 9, 10, 11, 12, 13, 14, 15, 16, 21, 22, 23]",{},[],0,"[8, 21, 22, 23, 15, 13, 14, 2, 7, 12, 4, 1, 3, 0, 11, 10, 16, 6, 9, 5]",True,332465260,0.332465260,"[8, 21, 22, 23, 15, 13, 14, 2, 7, 12, 4, 1, 3, 0, 11, 10, 16, 6, 9, 5]","[5, 9, 6, 16, 10, 11, 0, 3, 1, 4, 12, 7, 2, 14, 13, 15, 23, 22, 21, 8]",True,complete,20,20,210,0,109,0,109,109,2,19,19,3,3,3,3
9,80453,2,2,18,"[8, 21]","[0, 1, 2, 3, 4, 5, 6, 7, 9, 10, 11, 12, 13, 14, 15, 16, 22, 23]",{},[],0,"[8, 21, 22, 23, 15, 13, 14, 2, 7, 12, 4, 1, 3, 0, 11, 10, 16, 6, 9, 5]",True,307858451,0.307858451,"[22, 23, 13, 15, 14, 2, 7, 12, 4, 3, 1, 0, 11, 10, 16, 6, 9, 5]","[5, 9, 6, 16, 10, 11, 0, 1, 3, 4, 12, 7, 2, 14, 15, 13, 23, 22]",False,complete,18,18,171,0,105,0,105,105,2,19,19,3,3,3,3
9,80454,3,4,16,"[8, 21, 22, 23]","[0, 1, 2, 3, 4, 5, 6, 7, 9, 10, 11, 12, 13, 14, 15, 16]",{},[],0,"[8, 21, 22, 23, 15, 13, 14, 2, 7, 12, 4, 1, 3, 0, 11, 10, 16, 6, 9, 5]",True,286901810,0.286901810,"[13, 15, 14, 2, 7, 12, 4, 1, 3, 0, 11, 10, 16, 6, 9, 5]","[5, 9, 6, 16, 10, 11, 0, 3, 1, 4, 12, 7, 2, 14, 15, 13]",False,complete,16,16,136,0,95,0,95,95,2,19,19,3,3,3,3
9,80455,4,6,14,"[8, 13, 15, 21, 22, 23]","[0, 1, 2, 3, 4, 5, 6, 7, 9, 10, 11, 12, 14, 16]",{},[],0,"[8, 21, 22, 23, 15, 13, 14, 2, 7, 12, 4, 1, 3, 0, 11, 10, 16, 6, 9, 5]",True,231880015,0.231880015,"[14, 2, 7, 12, 4, 3, 1, 0, 11, 10, 16, 6, 9, 5]","[5, 9, 6, 16, 10, 11, 0, 1, 3, 4, 12, 7, 2, 14]",False,complete,14,14,105,0,81,0,81,81,2,19,19,3,3,3,3
9,80456,5,8,12,"[2, 8, 13, 14, 15, 21, 22, 23]","[0, 1, 3, 4, 5, 6, 7, 9, 10, 11, 12, 16]","{""support_1"": 9}",[9],1,"[8, 21, 22, 23, 15, 13, 14, 2, 7, 12, 4, 1, 3, 0, 11, 10, 16, 6, 9, 5]",True,119124850,0.119124850,"[7, 12, 4, 3, 1, 0, 11, 10, 16, 6, 9, 5]","[5, 9, 6, 16, 10, 11, 0, 1, 3, 4, 12, 7]",False,complete,12,12,78,0,52,0,52,52,2,17,17,2,2,1,2
9,80457,6,10,10,"[2, 7, 8, 12, 13, 14, 15, 21, 22, 23]","[0, 1, 3, 4, 5, 6, 9, 10, 11, 16]","{""support_1"": 9, ""support_2"": 16}","[9, 16]",2,"[8, 21, 22, 23, 15, 13, 14, 2, 7, 12, 4, 1, 3, 0, 11, 10, 16, 6, 9, 5]",True,49465192,0.049465192,"[4, 3, 1, 0, 11, 10, 16, 6, 9, 5]","[5, 9, 6, 16, 10, 11, 0, 1, 3, 4]",False,complete,10,10,55,0,27,0,27,27,2,14,14,2,2,0,2
9,80458,7,12,8,"[1, 2, 4, 7, 8, 12, 13, 14, 15, 21, 22, 23]","[0, 3, 5, 6, 9, 10, 11, 16]","{""support_1"": 9, ""support_2"": 16}","[9, 16]",2,"[8, 21, 22, 23, 15, 13, 14, 2, 7, 12, 4, 1, 3, 0, 11, 10, 16, 6, 9, 5]",True,34435962,0.034435962,"[3, 0, 11, 6, 9, 10, 16, 5]","[5, 16, 10, 9, 6, 11, 0, 3]",False,complete,8,8,36,0,21,0,21,21,2,10,10,2,2,0,2
9,80459,8,14,6,"[0, 1, 2, 3, 4, 7, 8, 12, 13, 14, 15, 21, 22, 23]","[5, 6, 9, 10, 11, 16]","{""support_1"": 9, ""support_2"": 16}","[9, 16]",2,"[8, 21, 22, 23, 15, 13, 14, 2, 7, 12, 4, 1, 3, 0, 11, 10, 16, 6, 9, 5]",True,20131141,0.020131141,"[11, 10, 16, 6, 9, 5]","[5, 9, 6, 16, 10, 11]",True,complete,6,6,21,0,14,0,14,14,2,6,6,2,2,0,2
9,80460,9,16,4,"[0, 1, 2, 3, 4, 7, 8, 10, 11, 12, 13, 14, 15, 21, 22, 23]","[5, 6, 9, 16]","{""support_1"": 9, ""support_2"": 16}","[9, 16]",2,"[8, 21, 22, 23, 15, 13, 14, 2, 7, 12, 4, 1, 3, 0, 11, 10, 16, 6, 9, 5]",True,9570908,0.009570908,"[16, 6, 9, 5]","[5, 9, 6, 16]",True,complete,4,4,10,0,8,0,8,8,1,2,2,1,1,0,2
9,80461,10,18,2,"[0, 1, 2, 3, 4, 6, 7, 8, 10, 11, 12, 13, 14, 15, 16, 21, 22, 23]","[5, 9]","{""support_1"": 9}",[9],1,"[8, 21, 22, 23, 15, 13, 14, 2, 7, 12, 4, 1, 3, 0, 11, 10, 16, 6, 9, 5]",True,3003811,0.003003811,"[9, 5]","[5, 9]",True,complete,2,2,3,0,4,0,4,4,0,0,0,0,0,0,1
10,90452,1,0,20,[],"[0, 1, 2, 3, 4, 5, 6, 7, 8, 9, 10, 11, 12, 13, 14, 15, 16, 21, 22, 23]",{},[],0,"[8, 21, 22, 23, 15, 13, 14, 2, 7, 12, 4, 3, 1, 0, 11, 6, 9, 10, 16, 5]",True,351705137,0.351705137,"[8, 21, 22, 23, 15, 13, 14, 2, 7, 12, 4, 3, 1, 0, 11, 6, 9, 10, 16, 5]","[5, 16, 10, 9, 6, 11, 0, 1, 3, 4, 12, 7, 2, 14, 13, 15, 23, 22, 21, 8]",True,complete,20,20,210,0,109,0,109,109,2,19,19,3,3,3,3
10,90453,2,2,18,"[8, 21]","[0, 1, 2, 3, 4, 5, 6, 7, 9, 10, 11, 12, 13, 14, 15, 16, 22, 23]",{},[],0,"[8, 21, 22, 23, 15, 13, 14, 2, 7, 12, 4, 3, 1, 0, 11, 6, 9, 10, 16, 5]",True,310984238,0.310984238,"[22, 23, 13, 15, 14, 2, 7, 12, 4, 3, 1, 0, 11, 6, 9, 10, 16, 5]","[5, 16, 10, 9, 6, 11, 0, 1, 3, 4, 12, 7, 2, 14, 15, 13, 23, 22]",False,complete,18,18,171,0,105,0,105,105,2,19,19,3,3,3,3
10,90454,3,4,16,"[8, 21, 22, 23]","[0, 1, 2, 3, 4, 5, 6, 7, 9, 10, 11, 12, 13, 14, 15, 16]",{},[],0,"[8, 21, 22, 23, 15, 13, 14, 2, 7, 12, 4, 3, 1, 0, 11, 6, 9, 10, 16, 5]",True,258085921,0.258085921,"[13, 15, 14, 2, 7, 12, 4, 1, 3, 0, 11, 6, 9, 10, 16, 5]","[5, 16, 10, 9, 6, 11, 0, 3, 1, 4, 12, 7, 2, 14, 15, 13]",False,complete,16,16,136,0,95,0,95,95,2,19,19,3,3,3,3
10,90455,4,6,14,"[8, 13, 15, 21, 22, 23]","[0, 1, 2, 3, 4, 5, 6, 7, 9, 10, 11, 12, 14, 16]",{},[],0,"[8, 21, 22, 23, 15, 13, 14, 2, 7, 12, 4, 3, 1, 0, 11, 6, 9, 10, 16, 5]",True,207408904,0.207408904,"[14, 2, 7, 12, 4, 1, 3, 0, 11, 10, 16, 6, 9, 5]","[5, 9, 6, 16, 10, 11, 0, 3, 1, 4, 12, 7, 2, 14]",False,complete,14,14,105,0,81,0,81,81,2,19,19,3,3,3,3
10,90456,5,8,12,"[2, 8, 13, 14, 15, 21, 22, 23]","[0, 1, 3, 4, 5, 6, 7, 9, 10, 11, 12, 16]","{""support_1"": 9}",[9],1,"[8, 21, 22, 23, 15, 13, 14, 2, 7, 12, 4, 3, 1, 0, 11, 6, 9, 10, 16, 5]",True,109367707,0.109367707,"[7, 12, 4, 1, 3, 0, 11, 6, 9, 10, 16, 5]","[5, 16, 10, 9, 6, 11, 0, 3, 1, 4, 12, 7]",False,complete,12,12,78,0,52,0,52,52,2,17,17,2,2,1,2
10,90457,6,10,10,"[2, 7, 8, 12, 13, 14, 15, 21, 22, 23]","[0, 1, 3, 4, 5, 6, 9, 10, 11, 16]","{""support_1"": 9, ""support_2"": 16}","[9, 16]",2,"[8, 21, 22, 23, 15, 13, 14, 2, 7, 12, 4, 3, 1, 0, 11, 6, 9, 10, 16, 5]",True,58290231,0.058290231,"[4, 1, 3, 0, 11, 10, 16, 6, 9, 5]","[5, 9, 6, 16, 10, 11, 0, 3, 1, 4]",False,complete,10,10,55,0,27,0,27,27,2,14,14,2,2,0,2
10,90458,7,12,8,"[2, 3, 4, 7, 8, 12, 13, 14, 15, 21, 22, 23]","[0, 1, 5, 6, 9, 10, 11, 16]","{""support_1"": 9, ""support_2"": 16}","[9, 16]",2,"[8, 21, 22, 23, 15, 13, 14, 2, 7, 12, 4, 3, 1, 0, 11, 6, 9, 10, 16, 5]",True,30378887,0.030378887,"[1, 0, 11, 6, 9, 10, 16, 5]","[5, 16, 10, 9, 6, 11, 0, 1]",True,complete,8,8,36,0,21,0,21,21,2,10,10,2,2,0,2
10,90459,8,14,6,"[0, 1, 2, 3, 4, 7, 8, 12, 13, 14, 15, 21, 22, 23]","[5, 6, 9, 10, 11, 16]","{""support_1"": 9, ""support_2"": 16}","[9, 16]",2,"[8, 21, 22, 23, 15, 13, 14, 2, 7, 12, 4, 3, 1, 0, 11, 6, 9, 10, 16, 5]",True,18222225,0.018222225,"[11, 6, 9, 10, 16, 5]","[5, 16, 10, 9, 6, 11]",True,complete,6,6,21,0,14,0,14,14,2,6,6,2,2,0,2
10,90460,9,16,4,"[0, 1, 2, 3, 4, 6, 7, 8, 11, 12, 13, 14, 15, 21, 22, 23]","[5, 9, 10, 16]","{""support_1"": 9, ""support_2"": 16}","[9, 16]",2,"[8, 21, 22, 23, 15, 13, 14, 2, 7, 12, 4, 3, 1, 0, 11, 6, 9, 10, 16, 5]",True,8828665,0.008828665,"[9, 10, 16, 5]","[5, 16, 10, 9]",True,complete,4,4,10,0,8,0,8,8,1,2,2,1,1,0,2
10,90461,10,18,2,"[0, 1, 2, 3, 4, 6, 7, 8, 9, 10, 11, 12, 13, 14, 15, 21, 22, 23]","[5, 16]","{""support_2"": 16}",[16],1,"[8, 21, 22, 23, 15, 13, 14, 2, 7, 12, 4, 3, 1, 0, 11, 6, 9, 10, 16, 5]",True,2805349,0.002805349,"[16, 5]","[5, 16]",True,complete,2,2,3,0,4,0,4,4,0,0,0,0,0,0,1
