removal_strategy,included_rod_count,expected_runs,recorded_runs,successful_runs,failed_runs,missing_not_attempted_runs,runtime_limit_failures,open_list_exhausted_failures,runtime_successful_mean_s,runtime_successful_median_s,runtime_successful_std_s,runtime_successful_min_s,runtime_successful_max_s
default,1,5,5,5,0,0,0,0,0.000748451,0.000744813,1.8718042539218702e-05,0.000727406,0.000778055
default,3,5,5,5,0,0,0,0,0.0042492056,0.004248053,6.248612129745298e-05,0.004169501,0.004339621
default,5,5,5,5,0,0,0,0,0.0085807054,0.008942999,0.0007717931499853443,0.007226512,0.009080941
default,7,5,5,5,0,0,0,0,0.012691502,0.012309946,0.0010451920813946112,0.011987484,0.014497438
default,9,5,5,5,0,0,0,0,0.0185673422,0.018674983,0.0005874303301619697,0.017583928,0.01904469
default,11,5,5,5,0,0,0,0,0.0233187838,0.022904287,0.0015729659801542752,0.021828888,0.025987401
default,13,5,5,5,0,0,0,0,0.0302230006,0.030319297,0.0007100437484720932,0.02940789,0.031051562
default,15,5,5,5,0,0,0,0,0.0375157068,0.037928846,0.001452827686279657,0.035930619,0.039175048
default,17,5,5,5,0,0,0,0,0.0441142176,0.044503975,0.0013714385752695236,0.042570236,0.045762193
default,19,5,5,5,0,0,0,0,0.053886162,0.053857619,0.0007605450920208473,0.053116267,0.055095695
default,21,5,5,5,0,0,0,0,0.0592089296,0.059210045,0.0013794616333491472,0.057643998,0.060813234
default,23,5,5,5,0,0,0,0,0.0702080066,0.069956179,0.001492186439274361,0.06829715,0.071804227
default,25,5,5,5,0,0,0,0,0.0777409988,0.077885514,0.0021417199148373004,0.075398511,0.080015867
default,27,5,5,5,0,0,0,0,0.0861837534,0.085868402,0.0010473567652231983,0.085004477,0.08744494
default,29,5,5,5,0,0,0,0,0.1030656636,0.103315445,0.006788704596656004,0.094269418,0.111978168
default,31,5,5,5,0,0,0,0,0.11286634200000001,0.113020617,0.0027095891921444493,0.110333275,0.116999847
default,33,5,5,5,0,0,0,0,0.130499007,0.129958692,0.00372648634661675,0.126892487,0.136643318
default,35,5,5,5,0,0,0,0,0.1497843702,0.147657031,0.00745548668598652,0.142950622,0.161063682
default,37,5,5,5,0,0,0,0,0.15936320199999998,0.155379788,0.010609387000889939,0.152471895,0.178167906
default,39,5,5,5,0,0,0,0,0.1827821964,0.181019394,0.009949732502460874,0.172444634,0.195170919
default,41,5,5,5,0,0,0,0,0.198834494,0.196794032,0.006691000092836494,0.191814298,0.209500948
default,43,5,5,5,0,0,0,0,0.2166013646,0.216243019,0.003350267807931973,0.213255454,0.221903695
default,45,5,5,5,0,0,0,0,0.2437917148,0.240417586,0.008079171830163694,0.235435017,0.254186066
default,47,5,5,5,0,0,0,0,0.30798151960000003,0.312524482,0.010620783555266125,0.295895196,0.317268676
default,49,5,5,5,0,0,0,0,0.3327805282,0.332173275,0.004886203065035832,0.326507465,0.338090307
default,51,5,5,5,0,0,0,0,0.3756512302,0.378887093,0.01269825363498456,0.354178959,0.386321278
default,53,5,5,5,0,0,0,0,0.392091401,0.390929599,0.0056394878195182244,0.386197882,0.401468552
default,55,5,5,5,0,0,0,0,0.471482071,0.472634173,0.012490911622736417,0.45076973,0.48362009
default,57,5,5,5,0,0,0,0,0.5493918674,0.550621752,0.01082713770038265,0.535009778,0.564443516
default,59,5,5,5,0,0,0,0,0.7701571542,0.765245412,0.024293154962968837,0.743364932,0.797438119
default,61,5,5,5,0,0,0,0,0.8203182216,0.804274614,0.035607244957233,0.783292954,0.871415473
default,63,5,5,5,0,0,0,0,0.8356047954,0.837819973,0.009193376669828654,0.82366377,0.8464106
default,65,5,5,5,0,0,0,0,0.8755319178000001,0.857810468,0.04579278177958438,0.846158955,0.956060598
default,67,5,5,5,0,0,0,0,0.8861049322,0.890413776,0.011018629926352545,0.867376543,0.894121409
default,69,5,5,5,0,0,0,0,0.9338417792,0.920129276,0.03099325650715611,0.904074452,0.982217496
default,71,5,5,5,0,0,0,0,0.97889224,0.967624735,0.027359945574616587,0.950838029,1.013451753
default,73,5,5,5,0,0,0,0,1.0079087426,1.005992084,0.02090048241959672,0.982382657,1.034248654
default,75,5,5,5,0,0,0,0,1.0324072058,1.034392821,0.015563072739608092,1.016585375,1.051704897
default,77,5,5,5,0,0,0,0,1.0696657164,1.069322096,0.016080393353846777,1.051367566,1.092707113
default,79,5,5,5,0,0,0,0,1.0922615748,1.088984316,0.02672244259599309,1.065967967,1.136776209
default,81,5,5,5,0,0,0,0,1.1590965904,1.162593104,0.02908288600447389,1.11662716,1.197690339
default,83,5,5,5,0,0,0,0,1.1958675934,1.179941971,0.05613862318517061,1.136773344,1.28730828
default,85,5,5,5,0,0,0,0,1.2090922442,1.211065165,0.009911774892244764,1.192272768,1.217965498
default,87,5,5,5,0,0,0,0,1.2780134242,1.273657015,0.031560902855010925,1.253621862,1.33182437
default,89,5,5,5,0,0,0,0,1.3189933546,1.31119566,0.059587313886817816,1.254990075,1.401408337
default,91,5,5,5,0,0,0,0,1.3457517344,1.341910984,0.014980269524028277,1.330168404,1.367514744
default,93,5,5,5,0,0,0,0,1.381219865,1.385800859,0.021143135736093385,1.35451351,1.404701301
default,95,5,5,5,0,0,0,0,1.4520644078,1.443008322,0.04129902924793812,1.40874271,1.519768936
default,97,5,5,5,0,0,0,0,1.4997611242,1.485243401,0.04983925224148794,1.442258472,1.564715581
default,99,5,5,5,0,0,0,0,1.5085091498,1.514208847,0.013245493264081316,1.488947891,1.521784938
default,101,5,5,5,0,0,0,0,1.57550349,1.565025457,0.03359224834069279,1.548994092,1.634312471
default,103,5,5,5,0,0,0,0,1.6243373362,1.622930053,0.04403967328059719,1.563890343,1.677861775
default,105,5,5,5,0,0,0,0,1.6608053246,1.66607076,0.029747583453356343,1.614480723,1.695658093
default,107,5,5,5,0,0,0,0,1.7118767968,1.693454864,0.05132540099292772,1.663234541,1.797751701
default,109,5,5,5,0,0,0,0,1.7852476367999999,1.781077698,0.051723858128076214,1.726665435,1.850746606
default,111,5,5,5,0,0,0,0,1.821406327,1.813263749,0.046259211438992406,1.774111798,1.89841248
default,113,5,5,5,0,0,0,0,1.949807976,1.926513902,0.06510824560174311,1.884385641,2.036584331
default,115,5,5,5,0,0,0,0,2.0470599624,1.989571424,0.1212115075330486,1.968681517,2.255172237
default,117,5,5,5,0,0,0,0,2.1034044294,2.042510218,0.14800465688853626,2.002388953,2.363598124
default,119,5,5,5,0,0,0,0,2.1491574506,2.153516154,0.08834320476387067,2.06748545,2.287189487
default,121,5,5,5,0,0,0,0,2.1679915054,2.12273073,0.10517997125840534,2.105074663,2.354953904
default,123,5,5,5,0,0,0,0,2.2795034124,2.255391448,0.13675872965214303,2.150975499,2.500286911
default,125,5,5,5,0,0,0,0,2.2790548936,2.274787115,0.025569128777577402,2.251952384,2.309223093
default,127,5,5,5,0,0,0,0,2.401752015,2.411943844,0.029996361608791624,2.364090527,2.428626497
default,129,5,5,5,0,0,0,0,2.4781600692,2.496483204,0.03977270688791508,2.414366878,2.51136605
default,131,5,5,5,0,0,0,0,2.6132468153999997,2.630215763,0.03752517016288231,2.566842886,2.647391971
default,133,5,5,5,0,0,0,0,2.6746160348,2.677825357,0.048582870134255184,2.598127445,2.728922825
default,135,5,5,5,0,0,0,0,2.7511687732,2.778208784,0.0553920344620749,2.684488684,2.803292582
default,137,5,5,5,0,0,0,0,2.7766527437999997,2.781527491,0.045619872106411094,2.704393797,2.83038701
default,139,5,5,5,0,0,0,0,2.8649801918,2.873079856,0.04173810475678264,2.797595513,2.911735174
default,141,5,5,5,0,0,0,0,2.9003334094,2.91559639,0.05675885888785272,2.801031807,2.941036026
default,143,5,5,5,0,0,0,0,3.0051841648,3.025464407,0.05366304910106173,2.917686456,3.050147318
default,145,5,5,5,0,0,0,0,3.0365040426,3.066568031,0.07157748931936349,2.908826608,3.077204618
default,147,5,5,5,0,0,0,0,3.0894762018,3.096472876,0.031078100504398347,3.039506589,3.122923148
default,149,5,5,5,0,0,0,0,3.2290736854,3.240545652,0.09314959767789459,3.072184232,3.301922069
highest_first,1,5,5,5,0,0,0,0,0.0007369156,0.000738605,2.504423797602957e-05,0.000703958,0.000761391
highest_first,3,5,5,5,0,0,0,0,0.0022083098,0.002215758,0.00010575128271893442,0.002093249,0.002361315
highest_first,5,5,5,5,0,0,0,0,0.003701096,0.003726984,6.172444636041706e-05,0.003600636,0.003755749
highest_first,7,5,5,5,0,0,0,0,0.0052438538,0.005240682,0.00011770777764744347,0.005119994,0.005389099
highest_first,9,5,5,5,0,0,0,0,0.0069646216,0.006982908,0.00010319154933326638,0.006860083,0.007111533
highest_first,11,5,5,5,0,0,0,0,0.0095096382,0.009606013,0.0002201585231354894,0.009259331,0.009746859
highest_first,13,5,5,5,0,0,0,0,0.0128020744,0.01288993,0.0003409687361860326,0.012246614,0.013160513
highest_first,15,5,5,5,0,0,0,0,0.0166105976,0.01670866,0.00028342496953567836,0.016170175,0.016921123
highest_first,17,5,5,5,0,0,0,0,0.0214201496,0.021591138,0.00036820706143323784,0.020957952,0.021819526
highest_first,19,5,5,5,0,0,0,0,0.027256370000000002,0.027279068,0.0004041433645644832,0.026652599,0.027777319
highest_first,21,5,5,5,0,0,0,0,0.0334804798,0.033669109,0.0006608882877300054,0.03234916,0.034091828
highest_first,23,5,5,5,0,0,0,0,0.0438651764,0.041296914,0.006391559966723756,0.039629439,0.055075121
highest_first,25,5,5,5,0,0,0,0,0.0516920632,0.051717667,0.0006688956367197338,0.05070199,0.052589986
highest_first,27,5,5,5,0,0,0,0,0.0653847638,0.064926839,0.0010362002652268504,0.064444834,0.06709593
highest_first,29,5,5,5,0,0,0,0,0.0770413536,0.075135309,0.0046055744894961045,0.072136228,0.083266518
highest_first,31,5,5,5,0,0,0,0,0.0970046464,0.096022454,0.005247838265956592,0.090804934,0.104879657
highest_first,33,5,5,5,0,0,0,0,0.106005652,0.104551324,0.0033068245660168465,0.102324926,0.110383165
highest_first,35,5,5,5,0,0,0,0,0.13700562859999998,0.138014743,0.009543791608972544,0.122714583,0.148759701
highest_first,37,5,5,5,0,0,0,0,0.1672826076,0.178239,0.021225112763575284,0.144025932,0.18497588
highest_first,39,5,5,5,0,0,0,0,0.209494555,0.20561975,0.013723082733315954,0.193886752,0.228833337
highest_first,41,5,5,5,0,0,0,0,0.2486762642,0.247878085,0.014239188829400553,0.233483231,0.26930166
highest_first,43,5,5,5,0,0,0,0,0.3353640982,0.326247137,0.03333701856318366,0.307645432,0.38735632
highest_first,45,5,5,5,0,0,0,0,0.41242393180000003,0.378088142,0.06706422443895328,0.352705406,0.504153461
highest_first,47,5,5,5,0,0,0,0,0.4951828258,0.474222632,0.03787343511330279,0.456128645,0.540712907
highest_first,49,5,5,5,0,0,0,0,0.5639719938000001,0.570457594,0.03735590882350952,0.517237546,0.61303406
highest_first,51,5,5,5,0,0,0,0,0.7387376458,0.699045981,0.05785419783426937,0.692386594,0.806922539
highest_first,53,5,5,5,0,0,0,0,0.9164508768,0.879456192,0.06015062529736537,0.868988902,1.000267717
highest_first,55,5,5,5,0,0,0,0,1.1196671122,1.129229841,0.03430393160664506,1.069086507,1.152675457
highest_first,57,5,5,5,0,0,0,0,1.2638666556,1.412167871,0.31269757611867993,0.741724035,1.483956711
highest_first,59,5,5,5,0,0,0,0,1.5284443576,1.650227675,0.24139809441693255,1.252695999,1.766143843
highest_first,61,5,5,5,0,0,0,0,1.4334664074,1.796200601,0.5372305891377919,0.828482083,1.860438842
highest_first,63,5,5,5,0,0,0,0,1.6050798898,1.930067134,0.501643247338544,1.045345935,2.008687549
highest_first,65,5,5,5,0,0,0,0,1.922783453,2.097380504,0.2847237865029427,1.597916697,2.18012632
highest_first,67,5,5,5,0,0,0,0,2.0281424512,2.317077757,0.43105340674369286,1.368641454,2.327532674
highest_first,69,5,5,5,0,0,0,0,1.9294416088000002,1.572069571,0.5354255801227048,1.500331199,2.604352797
highest_first,71,5,5,5,0,0,0,0,2.2624578972,2.529316106,0.43501000053205136,1.587281782,2.59448149
highest_first,73,5,5,5,0,0,0,0,2.3573330068,2.182617821,0.2974950990055928,2.120418919,2.708616774
highest_first,75,5,5,5,0,0,0,0,2.1929331378,2.277161706,0.41870907250193,1.762035969,2.800777419
highest_first,77,5,5,5,0,0,0,0,2.315009629,2.2490053,0.3649142219524015,1.853973468,2.870382982
highest_first,79,5,5,5,0,0,0,0,2.6062942258,2.942662492,0.5235211502763639,1.985399534,3.04491643
highest_first,81,5,5,5,0,0,0,0,2.561098454,2.260453133,0.47623935611866225,2.225086472,3.323076703
highest_first,83,5,5,5,0,0,0,0,3.5270216338,3.523530238,0.038389489547564534,3.487900217,3.577195748
highest_first,85,5,5,5,0,0,0,0,3.3433075791999998,3.550347479,0.3190554747364909,2.971443709,3.595478184
highest_first,87,5,5,5,0,0,0,0,3.3029465038,3.281236084,0.42208689953766754,2.710872632,3.725625082
highest_first,89,5,5,5,0,0,0,0,3.539460597,3.716132067,0.4160021190185371,2.803384166,3.780929056
highest_first,91,5,5,5,0,0,0,0,3.3565902154000002,3.321535377,0.3654703775961586,2.864468283,3.821268614
highest_first,93,5,5,5,0,0,0,0,3.788157092,3.906088984,0.24611657654872154,3.354658803,3.939609062
highest_first,95,5,5,5,0,0,0,0,4.1876507622000005,4.263386544,0.2554047424994675,3.74580654,4.41017184
highest_first,97,5,5,5,0,0,0,0,4.0457775948000005,4.110434265,0.4315120273461142,3.418314855,4.435128443
highest_first,99,5,5,5,0,0,0,0,4.3577125974,4.372079556,0.4351008857410122,3.877864263,4.799263708
highest_first,101,5,5,5,0,0,0,0,4.9021251474,4.828899969,0.16436512962266256,4.759717688,5.116705592
highest_first,103,5,5,5,0,0,0,0,4.7483985982000005,4.781348016,0.4618393498148236,4.039021368,5.175880925
highest_first,105,5,5,5,0,0,0,0,5.0213955932,5.287860427,0.4348703696893551,4.335408191,5.322941063
highest_first,107,5,5,5,0,0,0,0,5.1027949084,5.316396162,0.38846916673722975,4.58948895,5.439994639
highest_first,109,5,5,5,0,0,0,0,5.3557870528,5.424623848,0.5558801425799639,4.509014428,6.068234568
highest_first,111,5,5,5,0,0,0,0,5.0351655496,4.995571838,0.3268928422503611,4.598877248,5.512269971
highest_first,113,5,5,5,0,0,0,0,5.4880203338,5.578685491,0.17016597305649317,5.254266844,5.63190214
highest_first,115,5,5,5,0,0,0,0,5.126690648399999,4.980578327,0.5267068675213187,4.561720221,5.680358888
highest_first,117,5,5,5,0,0,0,0,5.652229168,5.691831807,0.647948975547864,4.670828583,6.493501661
highest_first,119,5,5,5,0,0,0,0,5.248912149,5.331308679,0.7674411082322361,4.483179919,6.265294619
highest_first,121,5,5,5,0,0,0,0,5.5735564462,5.845615963,0.6869479899180653,4.494747695,6.283321924
highest_first,123,5,5,5,0,0,0,0,5.4142809906,5.472134677,0.53082880264493,4.864958964,6.126188198
highest_first,125,5,5,5,0,0,0,0,5.148688657,5.01104222,0.46716447870080485,4.755375866,5.885407945
highest_first,127,5,5,5,0,0,0,0,5.9345453059999995,6.114206238,0.35967502858468053,5.470189436,6.281888109
highest_first,129,5,5,5,0,0,0,0,5.9276082528,5.809217403,0.3849135103337428,5.461292462,6.433989629
highest_first,131,5,5,5,0,0,0,0,6.057206989,6.15706921,0.3735682620708846,5.460882268,6.421756188
highest_first,133,5,5,5,0,0,0,0,6.4390510656,6.450412993,0.13296021348118992,6.238761118,6.613063447
highest_first,135,5,5,5,0,0,0,0,6.2832841568,6.094748016,0.35532661940495097,5.944005976,6.694537617
highest_first,137,5,5,5,0,0,0,0,6.1964418818,6.49325344,0.540172937668328,5.441481558,6.655409123
highest_first,139,5,5,5,0,0,0,0,5.972336178,6.12432653,0.3642091902301775,5.431387091,6.341633231
highest_first,141,5,5,5,0,0,0,0,6.5018852276,6.72811605,0.4385648598068278,5.776940199,6.837815239
highest_first,143,5,5,5,0,0,0,0,6.476967061,6.484713386,0.5451356390209787,5.826606916,7.126339663
highest_first,145,5,5,5,0,0,0,0,6.5541106484,6.770534726,0.594437407015517,5.831886437,7.184510453
highest_first,147,5,5,5,0,0,0,0,6.7181930526,6.841137608,0.36825973069483,6.231093929,7.159478106
highest_first,149,5,5,5,0,0,0,0,6.655237276799999,6.644620334,0.48499662696546425,6.084098932,7.354091917
fewest_mandatory_supports,1,5,5,5,0,0,0,0,0.000702876,0.000699115,3.0695435523868993e-05,0.000661373,0.000733615
fewest_mandatory_supports,3,5,5,5,0,0,0,0,0.0055594504,0.005552053,0.0001518304376065615,0.005324609,0.005708047
fewest_mandatory_supports,5,5,5,5,0,0,0,0,0.0090690622,0.009287996,0.0006123284527373359,0.008363751,0.009695538
fewest_mandatory_supports,7,5,5,5,0,0,0,0,0.0134250344,0.013255243,0.0005105572831096429,0.012895238,0.013982411
fewest_mandatory_supports,9,5,5,5,0,0,0,0,0.018574238,0.018187022,0.0011093248460011611,0.017633275,0.020263316
fewest_mandatory_supports,11,5,5,5,0,0,0,0,0.023918186,0.022325422,0.003254859213328051,0.021155843,0.028251225
fewest_mandatory_supports,13,5,5,5,0,0,0,0,0.0436062722,0.037245474,0.011845382757421885,0.033136765,0.057089932
fewest_mandatory_supports,15,5,5,5,0,0,0,0,0.060756208,0.053544275,0.017407838716082376,0.040400937,0.079676974
fewest_mandatory_supports,17,5,5,5,0,0,0,0,0.0704725188,0.061446051,0.015264030802848908,0.057745067,0.087472861
fewest_mandatory_supports,19,5,5,5,0,0,0,0,0.0904758648,0.088719684,0.005797265692912926,0.082856652,0.097445488
fewest_mandatory_supports,21,5,5,5,0,0,0,0,0.1153161612,0.10922429,0.02799476170375693,0.084899439,0.144873686
fewest_mandatory_supports,23,5,5,5,0,0,0,0,0.152815454,0.136795429,0.03285699618113302,0.123819143,0.188980927
fewest_mandatory_supports,25,5,5,5,0,0,0,0,0.201595262,0.185024399,0.04449302098780786,0.144508298,0.247273289
fewest_mandatory_supports,27,5,5,5,0,0,0,0,0.2077412328,0.204153595,0.05102605426733011,0.155874566,0.291071662
fewest_mandatory_supports,29,5,5,5,0,0,0,0,0.2083950736,0.184784094,0.04618147632159239,0.169755798,0.258776532
fewest_mandatory_supports,31,5,5,5,0,0,0,0,0.327764124,0.33533991,0.05607152678700692,0.234429775,0.382388812
fewest_mandatory_supports,33,5,5,5,0,0,0,0,0.3774187456,0.356271676,0.040946358281489355,0.341353638,0.428761911
fewest_mandatory_supports,35,5,5,5,0,0,0,0,0.5361965532,0.546384783,0.08113222991396227,0.455817665,0.653819827
fewest_mandatory_supports,37,5,5,5,0,0,0,0,0.6617849042,0.693752075,0.12433944202834031,0.524130767,0.780390775
fewest_mandatory_supports,39,5,5,5,0,0,0,0,0.8070676717999999,0.767527722,0.10470289397828068,0.72979261,0.983322597
fewest_mandatory_supports,41,5,5,5,0,0,0,0,0.974541716,0.973998184,0.08505948256791823,0.847631438,1.077575555
fewest_mandatory_supports,43,5,5,5,0,0,0,0,0.9579365864,0.915025338,0.06670643529362051,0.903762596,1.040898174
fewest_mandatory_supports,45,5,5,5,0,0,0,0,1.2384732674,1.281556244,0.11473322952629074,1.106941629,1.356843418
fewest_mandatory_supports,47,5,5,5,0,0,0,0,1.2482907936,1.230544992,0.04362540249954633,1.217617058,1.322814936
fewest_mandatory_supports,49,5,5,5,0,0,0,0,1.5346800828,1.53521905,0.08284367068895382,1.451510605,1.645247688
fewest_mandatory_supports,51,5,5,5,0,0,0,0,1.6268197408,1.583855308,0.11148521949150274,1.513367708,1.788734876
fewest_mandatory_supports,53,5,5,5,0,0,0,0,1.6193622994,1.593220186,0.09429852986241946,1.554204882,1.782788172
fewest_mandatory_supports,55,5,5,5,0,0,0,0,2.0128215322,1.980154129,0.0974995792629697,1.923312749,2.166530766
fewest_mandatory_supports,57,5,5,5,0,0,0,0,1.9853190184,1.973412823,0.05939614184126515,1.901360408,2.044153917
fewest_mandatory_supports,59,5,5,5,0,0,0,0,2.0630117104,2.098284654,0.10447117785870144,1.888670583,2.141175847
fewest_mandatory_supports,61,5,5,5,0,0,0,0,2.2496966256,2.25108461,0.038989596105831546,2.186001422,2.285242024
fewest_mandatory_supports,63,5,5,5,0,0,0,0,2.341998115,2.269318165,0.13801956317864172,2.24062405,2.569374427
fewest_mandatory_supports,65,5,5,5,0,0,0,0,2.9954260866,2.979877734,0.07963552565009928,2.91995208,3.129226156
fewest_mandatory_supports,67,5,5,5,0,0,0,0,3.5923231738,3.569829785,0.14148751884597915,3.411890451,3.768795098
fewest_mandatory_supports,69,5,5,5,0,0,0,0,4.146629879,4.084848237,0.15330296180468095,4.016646472,4.406552968
fewest_mandatory_supports,71,5,5,5,0,0,0,0,4.8286242455999995,4.861810133,0.06596784424286825,4.736507258,4.890569354
fewest_mandatory_supports,73,5,5,5,0,0,0,0,5.4067517798,5.370809251,0.10278841208878917,5.301274617,5.532388096
fewest_mandatory_supports,75,5,5,5,0,0,0,0,6.09463366,6.125236732,0.18238856163047296,5.826349579,6.3014874
fewest_mandatory_supports,77,5,5,5,0,0,0,0,6.9072124018,6.927384518,0.10436773185395291,6.787323797,7.020528235
fewest_mandatory_supports,79,5,5,5,0,0,0,0,7.648198822,7.574200312,0.1510898366305539,7.515133652,7.859164455
fewest_mandatory_supports,81,5,5,5,0,0,0,0,8.33719283,8.37698463,0.07758026505410576,8.200012541,8.380156449
fewest_mandatory_supports,83,5,5,5,0,0,0,0,9.1473478632,9.102808484,0.12354941088432024,9.029874,9.353064368
fewest_mandatory_supports,85,5,5,5,0,0,0,0,9.3697150668,9.37984263,0.09985363912091,9.227065047,9.465832681
fewest_mandatory_supports,87,5,5,5,0,0,0,0,9.740329267,9.728058856,0.14153075818946823,9.543492447,9.916064837
fewest_mandatory_supports,89,5,5,5,0,0,0,0,9.9846053962,10.024586761,0.13316751245471722,9.755718363,10.089216656
fewest_mandatory_supports,91,5,5,5,0,0,0,0,10.2130544124,10.264527469,0.12269981501161072,9.998146851,10.294956908
fewest_mandatory_supports,93,5,5,5,0,0,0,0,10.275437354000001,10.294056884,0.10182551971888582,10.113734956,10.370573346
fewest_mandatory_supports,95,5,5,5,0,0,0,0,10.6262106716,10.599817134,0.19918739450124665,10.414526918,10.881528379
fewest_mandatory_supports,97,5,5,5,0,0,0,0,10.8074949648,10.821119013,0.2523875805467863,10.556571912,11.132048105
fewest_mandatory_supports,99,5,5,5,0,0,0,0,10.820141555400001,10.841173155,0.0665966107634669,10.7255724,10.903531035
fewest_mandatory_supports,101,5,5,5,0,0,0,0,11.0165112754,11.042396857,0.15170377129222565,10.864279819,11.219697502
fewest_mandatory_supports,103,5,5,5,0,0,0,0,11.066173366,11.115035852,0.11421025843347113,10.927440359,11.18259218
fewest_mandatory_supports,105,5,5,5,0,0,0,0,11.148741748,11.134995632,0.0467040900121969,11.093461341,11.216463045
fewest_mandatory_supports,107,5,5,5,0,0,0,0,11.1426820036,11.156891561,0.1218277627511731,11.017356716,11.328668117
fewest_mandatory_supports,109,5,5,5,0,0,0,0,11.2604042206,11.281263386,0.12232840022605297,11.075846779,11.408665196
fewest_mandatory_supports,111,5,5,5,0,0,0,0,11.3572678558,11.462041577,0.19394809582455055,11.117045668,11.553603713
fewest_mandatory_supports,113,5,5,5,0,0,0,0,11.2551471914,11.324953301,0.1246235802118154,11.06088228,11.360910497
fewest_mandatory_supports,115,5,5,5,0,0,0,0,11.3294592614,11.357944909,0.10986597548084027,11.215495646,11.475352405
fewest_mandatory_supports,117,5,5,5,0,0,0,0,11.4383547724,11.420957281,0.11076212103045535,11.329495886,11.564285719
fewest_mandatory_supports,119,5,5,5,0,0,0,0,11.4363117808,11.300264709,0.24842388184587677,11.229523355,11.772121269
fewest_mandatory_supports,121,5,5,5,0,0,0,0,11.4452386366,11.448005513,0.04880421954210145,11.390504291,11.512100788
fewest_mandatory_supports,123,5,5,5,0,0,0,0,11.594903874,11.457649094,0.24906313572900438,11.4253252,12.009820555
fewest_mandatory_supports,125,5,5,5,0,0,0,0,11.682609897599999,11.672698358,0.09871904042147378,11.594800286,11.846438711
fewest_mandatory_supports,127,5,5,5,0,0,0,0,11.7355723564,11.750407274,0.08047911367178884,11.650558654,11.825206006
fewest_mandatory_supports,129,5,5,5,0,0,0,0,11.7921126216,11.76817249,0.11727696031742768,11.679448378,11.960446858
fewest_mandatory_supports,131,5,5,5,0,0,0,0,11.7504435138,11.699164348,0.13943371900416943,11.594360881,11.926274483
fewest_mandatory_supports,133,5,5,5,0,0,0,0,11.9417600248,11.999145543,0.14451339340554395,11.730713024,12.075055538
fewest_mandatory_supports,135,5,5,5,0,0,0,0,11.8091485856,11.791954978,0.08435675886467502,11.692790501,11.893284012
fewest_mandatory_supports,137,5,5,5,0,0,0,0,11.996822847599999,11.952494792,0.18352121484298597,11.819320409,12.303262939
fewest_mandatory_supports,139,5,5,5,0,0,0,0,11.9930761852,12.019406665,0.10820053173180182,11.81562248,12.083978651
fewest_mandatory_supports,141,5,5,5,0,0,0,0,12.0327985718,11.941940163,0.19747362457128914,11.856866312,12.269953835
fewest_mandatory_supports,143,5,5,5,0,0,0,0,12.021538409,12.043730902,0.19667158450890332,11.794646226,12.29176668
fewest_mandatory_supports,145,5,5,5,0,0,0,0,12.0519201166,12.135938794,0.18570695768653753,11.818554537,12.254921955
fewest_mandatory_supports,147,5,5,5,0,0,0,0,12.4418472212,12.241101356,0.6950838476901886,11.927747501,13.646565641
fewest_mandatory_supports,149,5,5,5,0,0,0,0,12.3362350464,12.441537875,0.3275237841347572,11.960435007,12.7689161
fast_reduce_support,1,5,5,5,0,0,0,0,0.0007210522,0.000732423,2.036202290294361e-05,0.000695819,0.000740779
fast_reduce_support,3,5,5,5,0,0,0,0,0.0059601038,0.00582571,0.00033935559002129333,0.005600509,0.006339202
fast_reduce_support,5,5,5,5,0,0,0,0,0.014776083,0.011172659,0.009639535615501713,0.008405859,0.031881065
fast_reduce_support,7,5,5,5,0,0,0,0,0.0252112702,0.020750543,0.013279658554723113,0.015526675,0.048629902
fast_reduce_support,9,5,5,5,0,0,0,0,0.0340347682,0.031910391,0.012181372520257012,0.02183351,0.054503129
fast_reduce_support,11,5,5,5,0,0,0,0,0.050852648199999996,0.048861149,0.011877290491990046,0.038564781,0.070372699
fast_reduce_support,13,5,5,5,0,0,0,0,0.07843787619999999,0.078270207,0.012335207511424062,0.060480533,0.093680222
fast_reduce_support,15,5,5,5,0,0,0,0,0.111130475,0.104130794,0.019705959092086434,0.093303462,0.144054386
fast_reduce_support,17,5,5,5,0,0,0,0,0.1351805854,0.114885319,0.031520549241524615,0.113853307,0.185383957
fast_reduce_support,19,5,5,5,0,0,0,0,0.17379131180000001,0.157630595,0.03732354004868625,0.132756533,0.226538613
fast_reduce_support,21,5,5,5,0,0,0,0,0.214578193,0.210467176,0.036039556799747616,0.174254558,0.262891093
fast_reduce_support,23,5,5,5,0,0,0,0,0.2676985434,0.245610004,0.04428898517977627,0.228088991,0.337090544
fast_reduce_support,25,5,5,5,0,0,0,0,0.3255153982,0.326063844,0.04723415182968402,0.253765431,0.378769313
fast_reduce_support,27,5,5,5,0,0,0,0,0.3970697694,0.403248175,0.06782769501823366,0.313975224,0.48132702
fast_reduce_support,29,5,5,5,0,0,0,0,0.4633394462,0.448113869,0.09786223952485608,0.331729536,0.603401172
fast_reduce_support,31,5,5,5,0,0,0,0,0.5601562768,0.563985954,0.09976687804952974,0.454437212,0.706896897
fast_reduce_support,33,5,5,5,0,0,0,0,0.656264246,0.620236559,0.10544789351079442,0.574184861,0.836726708
fast_reduce_support,35,5,5,5,0,0,0,0,0.8062819704,0.748503602,0.14948622301523845,0.680429653,1.064159687
fast_reduce_support,37,5,5,5,0,0,0,0,0.9007947812,0.865800525,0.13046943613227488,0.799916931,1.127263986
fast_reduce_support,39,5,5,5,0,0,0,0,1.183252003,1.047720122,0.24176857681554534,1.024527729,1.592489719
fast_reduce_support,41,5,5,5,0,0,0,0,1.8851720006000001,1.244816806,1.575264194546,1.087896584,4.698994907
fast_reduce_support,43,5,5,5,0,0,0,0,2.5317113626,1.405281926,2.5985433711769486,1.275738448,7.179076383
fast_reduce_support,45,5,5,5,0,0,0,0,2.9273543124,1.748768244,2.865262103597172,1.380580387,8.044770759
fast_reduce_support,47,5,5,5,0,0,0,0,3.0591510744,1.866730534,2.742515307913283,1.604386787,7.958265121
fast_reduce_support,49,5,5,5,0,0,0,0,3.4188583144,2.336330636,2.9206972882249373,1.675032023,8.619792624
fast_reduce_support,51,5,5,5,0,0,0,0,4.4230585318,2.575362684,3.006200458517007,1.894189127,8.844720364
fast_reduce_support,53,5,5,5,0,0,0,0,4.4625435536,2.908140007,2.7943721709060907,1.963236889,8.704900228
fast_reduce_support,55,5,5,5,0,0,0,0,4.6361266042,3.049985374,2.726259259302911,2.322957395,8.74122396
fast_reduce_support,57,5,5,5,0,0,0,0,5.062710578,3.521364517,2.7245320032044154,2.89435495,9.222299095
fast_reduce_support,59,5,5,5,0,0,0,0,5.6399177472,4.4635649,2.6803776680757725,3.508399247,9.863474463
fast_reduce_support,61,5,5,5,0,0,0,0,5.837272502799999,3.999205466,2.907690298245703,3.681942869,10.200128451
fast_reduce_support,63,5,5,5,0,0,0,0,6.330982344,4.755251271,2.777057911872004,4.168102981,10.486054188
fast_reduce_support,65,5,5,5,0,0,0,0,6.9846853916,5.874633899,2.6760109958089817,4.547772105,11.166041881
fast_reduce_support,67,5,5,5,0,0,0,0,7.1310350006,5.83993223,2.886881842207665,4.631300442,11.531222975
fast_reduce_support,69,5,5,5,0,0,0,0,7.9238696686,6.535903094,2.7814452149117215,5.152997587,11.878583485
fast_reduce_support,71,5,5,5,0,0,0,0,8.4571136686,7.239236967,2.825532135600998,5.429710585,12.62089666
fast_reduce_support,73,5,5,5,0,0,0,0,8.9246372776,7.737488211,3.0926887798073697,5.830539278,13.31267336
fast_reduce_support,75,5,5,5,0,0,0,0,9.4100276324,8.169040157,3.0236200904531145,6.009828411,13.340081001
fast_reduce_support,77,5,5,5,0,0,0,0,10.1288009376,9.492259321,3.025438719330547,6.695017754,14.144784647
fast_reduce_support,79,5,5,5,0,0,0,0,10.7376614746,9.524400552,3.2025148665349015,7.874450551,15.44469382
fast_reduce_support,81,5,5,5,0,0,0,0,11.2430768986,10.425123644,3.3258268553228385,8.184863096,16.465081605
fast_reduce_support,83,5,5,5,0,0,0,0,13.0109397624,12.522476146,3.169188981233009,9.471060985,17.790810286
fast_reduce_support,85,5,5,5,0,0,0,0,13.7352575332,12.722139071,3.3418962426713272,10.992568348,19.52668908
fast_reduce_support,87,5,5,5,0,0,0,0,13.9916837466,13.409699557,2.7289121905311595,10.958274195,18.419470883
fast_reduce_support,89,5,5,5,0,0,0,0,14.9732854624,14.476151609,2.6654460606317274,12.187472141,19.254929283
fast_reduce_support,91,5,5,5,0,0,0,0,15.9083957834,15.653865885,3.0168639679560085,13.27593728,20.771911981
fast_reduce_support,93,5,5,5,0,0,0,0,22.35847163,15.211092722,15.597492088390874,14.397337742,50.179921667
fast_reduce_support,95,5,5,5,0,0,0,0,19.9576346392,17.886256257,4.16443095021587,16.399972791,24.721510616
fast_reduce_support,97,5,5,5,0,0,0,0,19.2283246836,18.109555246,2.5286103635710435,17.223248059,23.522628898
fast_reduce_support,99,5,5,5,0,0,0,0,25.4109202366,20.040585752,14.808313224340262,16.236809958,51.751077364
fast_reduce_support,101,5,5,5,0,0,0,0,21.9395829438,21.543059175,3.5995819500418365,17.57898949,26.646854075
fast_reduce_support,103,5,5,5,0,0,0,0,21.2795439906,19.561908574,3.618242576292365,17.513431187,26.319240768
fast_reduce_support,105,5,5,5,0,0,0,0,26.0544016604,20.631882328,12.768192305984833,17.813746344,48.389245419
fast_reduce_support,107,5,5,5,0,0,0,0,22.1100961984,22.481085643,3.3909609914033005,17.129830968,25.302738239
fast_reduce_support,109,5,5,5,0,0,0,0,23.2665500572,24.306385444,3.8018791334418327,18.206800875,27.841709986
fast_reduce_support,111,5,5,5,0,0,0,0,22.3895647222,21.429007301,4.130637248383781,17.156153779,27.529971602
fast_reduce_support,113,5,5,5,0,0,0,0,23.8787969046,26.030907029,3.7936060260995093,18.305863767,27.015158585
fast_reduce_support,115,5,5,5,0,0,0,0,22.8414796246,21.475702126,4.139636599999287,18.453045191,28.973647895
fast_reduce_support,117,5,5,5,0,0,0,0,21.8615703148,21.059409324,2.9304357601090034,18.772138877,26.686992277
fast_reduce_support,119,5,5,5,0,0,0,0,23.8200460194,22.637015627,4.344613046519871,19.748618976,30.761175524
fast_reduce_support,121,5,5,5,0,0,0,0,32.6218422868,26.843905346,14.562216269324084,18.709274927,56.290149939
fast_reduce_support,123,5,5,5,0,0,0,0,26.5727443902,28.394312803,5.948701223831872,18.760428047,32.352145694
fast_reduce_support,125,5,5,5,0,0,0,0,22.2526636178,21.903009395,3.0264584277970448,18.445757822,26.680506017
fast_reduce_support,127,5,5,5,0,0,0,0,31.7201364144,28.306679629,16.30518509214234,18.224643927,58.954682066
fast_reduce_support,129,5,5,5,0,0,0,0,26.4260258538,27.260798083,5.656101804533607,18.410241481,32.137530691
fast_reduce_support,131,5,5,5,0,0,0,0,24.487326981,23.666947697,3.872882952151611,19.441047004,30.034790969
fast_reduce_support,133,5,5,5,0,0,0,0,24.2875524468,23.211421081,4.340359227307025,20.630193617,31.072716149
fast_reduce_support,135,5,5,5,0,0,0,0,23.8781138394,23.734991959,4.107929292918526,18.790451188,30.026054245
fast_reduce_support,137,5,5,5,0,0,0,0,24.0599760818,22.716795354,3.379231784070782,20.434898719,28.488153808
fast_reduce_support,139,5,5,5,0,0,0,0,25.6131321646,25.444243764,5.821153482706743,18.755055046,32.242385508
fast_reduce_support,141,5,5,5,0,0,0,0,22.1357793138,22.288594174,1.306649712634228,20.631247992,23.59146556
fast_reduce_support,143,5,5,5,0,0,0,0,25.3412227662,23.203573488,7.804585952425226,19.023556897,38.356349915
fast_reduce_support,145,5,5,5,0,0,0,0,25.1535711662,24.652999827,4.09644780625227,21.122945256,29.685869003
fast_reduce_support,147,5,5,5,0,0,0,0,23.364437701,23.452143678,1.5762191590515728,21.345098323,25.60760062
fast_reduce_support,149,5,5,5,0,0,0,0,24.8674243312,24.23808541,3.891648264325937,19.373844431,29.412378261
baseline,1,5,2,2,0,3,0,0,0.000701331,0.000701331,5.160465289099412e-06,0.000697682,0.00070498
baseline,3,5,2,2,0,3,0,0,0.0057432705,0.0057432705,1.4244666107003041e-05,0.005733198,0.005753343
baseline,5,5,2,2,0,3,0,0,0.021808777,0.021808777,0.0003020632890008329,0.021595186,0.022022368
baseline,7,5,2,2,0,3,0,0,0.017676729000000002,0.017676729000000002,0.002654566537815167,0.015799667,0.019553791
baseline,9,5,2,2,0,3,0,0,0.043166450999999995,0.043166450999999995,0.03260220890728261,0.020113208,0.066219694
baseline,11,5,2,2,0,3,0,0,0.033340384,0.033340384,0.0013623317236238755,0.03237707,0.034303698
baseline,13,5,2,2,0,3,0,0,0.06463542,0.06463542,0.02652499099008333,0.045879419,0.083391421
baseline,15,5,2,2,0,3,0,0,0.0690212005,0.0690212005,0.009030725867576344,0.062635513,0.075406888
baseline,17,5,2,2,0,3,0,0,0.0820334295,0.0820334295,0.017606584792057782,0.069583694,0.094483165
baseline,19,5,2,2,0,3,0,0,0.1514705655,0.1514705655,0.029757254575739737,0.130429009,0.172512122
baseline,21,5,2,2,0,3,0,0,0.1883170865,0.1883170865,0.0133207059394825,0.178897925,0.197736248
baseline,23,5,2,2,0,3,0,0,0.2615772475,0.2615772475,0.10957495043391342,0.184096057,0.339058438
baseline,25,5,2,2,0,3,0,0,0.220334004,0.220334004,0.06519557049451902,0.174233774,0.266434234
baseline,27,5,2,2,0,3,0,0,0.7366057175,0.7366057175,0.13328646677924552,0.642357953,0.830853482
baseline,29,5,2,2,0,3,0,0,3.07809443,3.07809443,0.8507302631019436,2.476537292,3.679651568
baseline,31,5,2,2,0,3,0,0,0.7104282575,0.7104282575,0.2739039642287123,0.516748907,0.904107608
baseline,33,5,2,2,0,3,0,0,2.0320182075,2.0320182075,2.1110073078286558,0.539310625,3.52472579
baseline,35,5,2,2,0,3,0,0,1.1708149275,1.1708149275,0.9725177169791265,0.483141055,1.8584888
baseline,37,5,2,2,0,3,0,0,4.5362026645,4.5362026645,5.711499558416106,0.497562596,8.574842733
baseline,39,5,2,2,0,3,0,0,14.477002785,14.477002785,19.533895676720995,0.664452689,28.289552881
baseline,41,5,2,2,0,3,0,0,7.750907019,7.750907019,9.418148633541485,1.091270254,14.410543784
baseline,43,5,2,2,0,3,0,0,3.6699777765,3.6699777765,4.333950196825382,0.605412203,6.73454335
baseline,45,5,2,2,0,3,0,0,1.0905527405000002,1.0905527405000002,0.10462193188963778,1.016573863,1.164531618
baseline,47,5,2,2,0,3,0,0,23.86717515,23.86717515,32.35414297909896,0.98934125,46.74500905
baseline,49,5,2,2,0,3,0,0,13.1344381155,13.1344381155,13.502933469932401,3.586422293,22.682453938
baseline,51,5,2,2,0,3,0,0,5.515705625500001,5.515705625500001,4.889260871885092,2.058476108,8.972935143
baseline,53,5,2,2,0,3,0,0,41.8563120805,41.8563120805,50.36779298416035,6.240904108,77.471720053
baseline,55,5,2,2,0,3,0,0,11.167744122,11.167744122,0.8317279463974524,10.579623651,11.755864593
baseline,57,5,2,2,0,3,0,0,15.485745139999999,15.485745139999999,0.6978968143565423,14.99225757,15.97923271
baseline,59,5,2,2,0,3,0,0,19.2205717435,19.2205717435,10.521890286521192,11.780471771,26.660671716
baseline,61,5,2,2,0,3,0,0,36.1020546245,36.1020546245,24.189238732512674,18.997679885,53.206429364
baseline,63,5,2,1,1,3,1,0,29.459188794,29.459188794,nan,29.459188794,29.459188794
baseline,65,5,2,2,0,3,0,0,98.298724128,98.298724128,89.93387754716363,34.705869456,161.8915788
baseline,67,5,2,2,0,3,0,0,179.2913892825,179.2913892825,167.38583003954335,60.931733787,297.651044778
baseline,69,5,2,2,0,3,0,0,94.9900514155,94.9900514155,118.05716739474562,11.511027783,178.469075048
baseline,71,5,2,1,1,3,1,0,182.088620292,182.088620292,nan,182.088620292,182.088620292
baseline,73,5,2,2,0,3,0,0,145.819110678,145.819110678,36.157219923839136,120.252095281,171.386126075
baseline,75,5,2,2,0,3,0,0,126.8786386905,126.8786386905,71.20519091898915,76.528965336,177.228312045
baseline,77,5,2,2,0,3,0,0,20.196693507,20.196693507,3.05724889297827,18.034892083,22.358494931
baseline,79,5,2,0,2,3,2,0,nan,nan,nan,nan,nan
baseline,81,5,2,2,0,3,0,0,114.61950240200001,114.61950240200001,80.04894062961486,58.016353656,171.222651148
baseline,83,5,2,2,0,3,0,0,26.4789742395,26.4789742395,29.839583051507322,5.379202716,47.578745763
baseline,85,5,2,1,1,3,1,0,9.885775694,9.885775694,nan,9.885775694,9.885775694
baseline,87,5,2,2,0,3,0,0,64.950273631,64.950273631,75.49641328346466,11.566247843,118.334299419
baseline,89,5,2,0,2,3,2,0,nan,nan,nan,nan,nan
baseline,91,5,2,2,0,3,0,0,43.163578793999996,43.163578793999996,31.55577356302194,20.850277322,65.476880266
baseline,93,5,2,1,1,3,1,0,73.737735722,73.737735722,nan,73.737735722,73.737735722
baseline,95,5,2,2,0,3,0,0,38.5211159095,38.5211159095,23.881186169879232,21.634567226,55.407664593
baseline,97,5,2,2,0,3,0,0,36.160884902,36.160884902,36.36662843460399,10.445795327,61.875974477
baseline,99,5,2,1,1,3,1,0,43.006995061,43.006995061,nan,43.006995061,43.006995061
baseline,101,5,2,2,0,3,0,0,178.3568576065,178.3568576065,230.13930530326522,15.623794209,341.089921004
baseline,103,5,2,0,2,3,2,0,nan,nan,nan,nan,nan
baseline,105,5,2,1,1,3,1,0,177.393125064,177.393125064,nan,177.393125064,177.393125064
baseline,107,5,2,0,2,3,2,0,nan,nan,nan,nan,nan
baseline,109,5,2,1,1,3,1,0,13.394068666,13.394068666,nan,13.394068666,13.394068666
baseline,111,5,2,1,1,3,1,0,55.537832203,55.537832203,nan,55.537832203,55.537832203
baseline,113,5,2,1,1,3,1,0,349.660065422,349.660065422,nan,349.660065422,349.660065422
baseline,115,5,2,1,1,3,1,0,21.204933408,21.204933408,nan,21.204933408,21.204933408
baseline,117,5,2,1,1,3,1,0,25.113338232,25.113338232,nan,25.113338232,25.113338232
baseline,119,5,2,2,0,3,0,0,83.068037653,83.068037653,9.967379948150448,76.020035701,90.116039605
baseline,121,5,2,0,2,3,2,0,nan,nan,nan,nan,nan
baseline,123,5,2,1,1,3,1,0,112.095506517,112.095506517,nan,112.095506517,112.095506517
baseline,125,5,2,1,1,3,1,0,98.60766029,98.60766029,nan,98.60766029,98.60766029
baseline,127,5,2,2,0,3,0,0,64.6925964995,64.6925964995,37.711262544751435,38.026707027,91.358485972
baseline,129,5,2,1,1,3,1,0,43.316636141,43.316636141,nan,43.316636141,43.316636141
baseline,131,5,2,1,1,3,1,0,316.963924994,316.963924994,nan,316.963924994,316.963924994
baseline,133,5,2,0,2,3,2,0,nan,nan,nan,nan,nan
baseline,135,5,2,2,0,3,0,0,33.172559667,33.172559667,36.557541389467005,7.322474247,59.022645087
baseline,137,5,2,2,0,3,0,0,180.7719166215,180.7719166215,5.590017108685011,176.819177617,184.724655626
baseline,139,5,2,1,1,3,1,0,371.740096383,371.740096383,nan,371.740096383,371.740096383
baseline,141,5,2,2,0,3,0,0,175.17095240449999,175.17095240449999,50.50739902192787,139.456828056,210.885076753
baseline,143,5,2,1,1,3,1,0,14.800996399,14.800996399,nan,14.800996399,14.800996399
baseline,145,5,2,2,0,3,0,0,49.470394869,49.470394869,28.564460727002096,29.272270988,69.66851875
baseline,147,5,2,0,2,3,2,0,nan,nan,nan,nan,nan
baseline,149,5,5,2,3,0,3,0,187.43900259499998,187.43900259499998,216.23277611258305,34.539340291,340.338664899
