strategy,repeat,seed,success,benchmark_stop_reason,total_time_s,pose_validation_time_s,structural_time_s,rai_runtime_percent,backward_search_runtime_percent,other_runtime_percent,structural_plans_generated,structural_replans,rai_transition_attempts,rai_transition_failures,komo_calls,komo_feasible,komo_infeasible,first_plan_support_moves,first_plan_support_steps,support_moves,support_steps,first_to_final_exact_match,first_to_final_common_prefix_length,first_to_final_changed_positions,source_file
fast_reduce_support,0,200452,True,complete,10.056546434003394,9.586764441002742,0.4671080129992333,95.32859519832559,4.644815355496579,0.02658944617783568,2,1,23,1,73,22,51,5,19,5,20,False,16,3,/home/mario/TAMP-scaffolding/experiments/results/evaluation/legacy/single_arm_pose_support_fractions_0.5_0.6/seeds_200452_200456/benchmark.csv
fast_reduce_support,1,200453,True,complete,5.784634787996765,5.600549728995247,0.1832643499947153,96.81768917575405,3.168123083154576,0.01418774109137594,1,0,20,0,44,20,24,5,19,5,19,True,20,0,/home/mario/TAMP-scaffolding/experiments/results/evaluation/legacy/single_arm_pose_support_fractions_0.5_0.6/seeds_200452_200456/benchmark.csv
fast_reduce_support,2,200454,True,complete,6.276059868992888,6.083177567998064,0.1919096509955125,96.92669756151041,3.0578046577224254,0.01549778076715838,1,0,20,0,41,20,21,5,19,5,19,True,20,0,/home/mario/TAMP-scaffolding/experiments/results/evaluation/legacy/single_arm_pose_support_fractions_0.5_0.6/seeds_200452_200456/benchmark.csv
fast_reduce_support,3,200455,True,complete,7.6029506730119465,7.411138469004072,0.19095651899988297,97.47713470391507,2.511610652397336,0.011254643687597219,1,0,20,0,57,20,37,5,19,5,19,True,20,0,/home/mario/TAMP-scaffolding/experiments/results/evaluation/legacy/single_arm_pose_support_fractions_0.5_0.6/seeds_200452_200456/benchmark.csv
fast_reduce_support,4,200456,True,complete,4.70090786300716,4.516501418998814,0.18326262600021437,96.07721637219281,3.8984517744404736,0.024331853366716484,1,0,20,0,44,20,24,5,19,5,19,True,20,0,/home/mario/TAMP-scaffolding/experiments/results/evaluation/legacy/single_arm_pose_support_fractions_0.5_0.6/seeds_200452_200456/benchmark.csv
fast_reduce_support,0,200457,True,complete,6.903149459001725,6.701216146000661,0.20105825399514288,97.07476545017083,2.9125583212306436,0.012676228598523185,1,0,20,0,49,20,29,5,19,5,19,True,20,0,/home/mario/TAMP-scaffolding/experiments/results/evaluation/legacy/single_arm_pose_support_fractions_0.5_0.6/seeds_200457_200461/benchmark.csv
fast_reduce_support,1,200458,True,complete,23.076685335996444,22.099341088018264,0.9713573720073327,95.76479796059073,4.209258642930617,0.025943396478649402,5,4,31,4,191,27,164,5,19,6,20,False,14,3,/home/mario/TAMP-scaffolding/experiments/results/evaluation/legacy/single_arm_pose_support_fractions_0.5_0.6/seeds_200457_200461/benchmark.csv
fast_reduce_support,2,200459,False,max_replans,792.417942828004,778.8754705089523,13.467670696001733,98.29099373107063,1.699566600919954,0.009439668009415947,50,49,104,50,4068,54,4014,5,19,0,0,,,,/home/mario/TAMP-scaffolding/experiments/results/evaluation/legacy/single_arm_pose_support_fractions_0.5_0.6/seeds_200457_200461/benchmark.csv
fast_reduce_support,3,200460,True,complete,6.198794255993562,6.00567901400791,0.19158374099060893,96.88463217183035,3.0906613944376073,0.024706433732042947,1,0,20,0,50,20,30,5,19,5,19,True,20,0,/home/mario/TAMP-scaffolding/experiments/results/evaluation/legacy/single_arm_pose_support_fractions_0.5_0.6/seeds_200457_200461/benchmark.csv
fast_reduce_support,4,200461,True,complete,8.731753811007366,8.343235096006538,0.38584940001601353,95.55050768253388,4.418922113099509,0.03057020436661063,2,1,23,1,78,22,56,5,19,5,20,False,16,2,/home/mario/TAMP-scaffolding/experiments/results/evaluation/legacy/single_arm_pose_support_fractions_0.5_0.6/seeds_200457_200461/benchmark.csv
baseline,0,200452,True,complete,279.67642614599754,278.0400435920019,1.623002633001306,99.41490150723628,0.5803144209780703,0.004784071785640745,11,10,34,10,1011,24,987,9,31,8,32,False,7,13,/home/mario/TAMP-scaffolding/experiments/results/evaluation/legacy/single_arm_pose_support_fractions_0.5_0.6/seeds_200452_200456/benchmark.csv
baseline,1,200453,False,max_replans,1141.2593883189984,1132.780363185011,8.418133149054484,99.2570466257915,0.7376178662989009,0.005335507909600908,50,49,104,50,4136,54,4082,6,26,0,0,,,,/home/mario/TAMP-scaffolding/experiments/results/evaluation/legacy/single_arm_pose_support_fractions_0.5_0.6/seeds_200452_200456/benchmark.csv
baseline,2,200454,False,max_replans,699.5019623289991,688.5150055400591,10.917430284971488,98.42931723131143,1.5607433392497987,0.009939429438772266,50,49,109,50,3879,59,3820,8,24,0,0,,,,/home/mario/TAMP-scaffolding/experiments/results/evaluation/legacy/single_arm_pose_support_fractions_0.5_0.6/seeds_200452_200456/benchmark.csv
baseline,3,200455,True,complete,270.47830668000097,268.7564561289473,1.7054254139802651,99.3634053051468,0.6305220684474078,0.0060726264057901,16,15,53,15,1289,38,1251,9,29,9,28,False,9,11,/home/mario/TAMP-scaffolding/experiments/results/evaluation/legacy/single_arm_pose_support_fractions_0.5_0.6/seeds_200452_200456/benchmark.csv
baseline,4,200456,True,complete,93.03190127000562,92.42036819701025,0.6037333979911637,99.34266303854146,0.64895309001474,0.008383871443807867,8,7,33,7,563,26,537,10,29,10,32,False,4,14,/home/mario/TAMP-scaffolding/experiments/results/evaluation/legacy/single_arm_pose_support_fractions_0.5_0.6/seeds_200452_200456/benchmark.csv
baseline,0,200457,True,complete,249.18800188000023,247.66570084799605,1.5096013540169224,99.38909537356567,0.6058082020914839,0.005096424342843246,11,10,38,10,1116,28,1088,11,28,10,28,False,8,12,/home/mario/TAMP-scaffolding/experiments/results/evaluation/legacy/single_arm_pose_support_fractions_0.5_0.6/seeds_200457_200461/benchmark.csv
baseline,1,200458,False,max_replans,688.4363194949983,682.3624445060268,6.0180463370343205,99.11772885639924,0.8741616568761003,0.00810948672466082,50,49,98,50,3064,48,3016,7,25,0,0,,,,/home/mario/TAMP-scaffolding/experiments/results/evaluation/legacy/single_arm_pose_support_fractions_0.5_0.6/seeds_200457_200461/benchmark.csv
baseline,2,200459,True,complete,222.14412916199944,220.25790841704293,1.8723086990066804,99.1509022758909,0.8428351026289298,0.006262621480170552,12,11,49,11,1131,38,1093,8,27,8,26,False,11,8,/home/mario/TAMP-scaffolding/experiments/results/evaluation/legacy/single_arm_pose_support_fractions_0.5_0.6/seeds_200457_200461/benchmark.csv
baseline,3,200460,True,complete,32.256863821996376,32.051272864002385,0.20334557299793232,99.36264430687216,0.6303947405428432,0.006960952585003822,2,1,21,1,153,20,133,11,23,8,24,False,7,13,/home/mario/TAMP-scaffolding/experiments/results/evaluation/legacy/single_arm_pose_support_fractions_0.5_0.6/seeds_200457_200461/benchmark.csv
baseline,4,200461,False,max_replans,763.4028035590018,752.8329135210661,10.501301748037804,98.61542425719966,1.3755911949865116,0.008984547813831529,50,49,101,50,3744,51,3693,8,23,0,0,,,,/home/mario/TAMP-scaffolding/experiments/results/evaluation/legacy/single_arm_pose_support_fractions_0.5_0.6/seeds_200457_200461/benchmark.csv
fewest_mandatory_supports,0,200452,False,max_replans,723.4136515290011,715.1591303590103,8.187665294004546,98.85894865924301,1.13180961911614,0.00924172164085026,50,49,107,50,3225,57,3168,7,30,0,0,,,,/home/mario/TAMP-scaffolding/experiments/results/evaluation/legacy/single_arm_pose_support_fractions_0.5_0.6/seeds_200452_200456/benchmark.csv
fewest_mandatory_supports,1,200453,True,complete,49.20418903000245,48.48133089399926,0.713221602003614,98.53090122964443,1.4495139866419182,0.019584783713652586,10,9,38,9,396,29,367,7,30,6,31,False,13,6,/home/mario/TAMP-scaffolding/experiments/results/evaluation/legacy/single_arm_pose_support_fractions_0.5_0.6/seeds_200452_200456/benchmark.csv
fewest_mandatory_supports,2,200454,True,complete,20.803249736010912,20.66131161499652,0.13994204998016357,99.31771178630476,0.6726932174347772,0.009594996260474883,2,1,24,1,150,23,127,7,30,7,30,False,15,4,/home/mario/TAMP-scaffolding/experiments/results/evaluation/legacy/single_arm_pose_support_fractions_0.5_0.6/seeds_200452_200456/benchmark.csv
fewest_mandatory_supports,3,200455,False,max_replans,618.4449719170079,613.1499449800176,5.241309261982678,99.14381599375331,0.8474980798592432,0.008685926387458047,50,49,91,50,2555,41,2514,7,30,0,0,,,,/home/mario/TAMP-scaffolding/experiments/results/evaluation/legacy/single_arm_pose_support_fractions_0.5_0.6/seeds_200452_200456/benchmark.csv
fewest_mandatory_supports,4,200456,False,max_replans,1020.2949044709967,1012.3163316490682,7.920856000011554,99.21801306789185,0.7763300556831032,0.005656876425047769,50,49,88,50,4081,38,4043,7,30,0,0,,,,/home/mario/TAMP-scaffolding/experiments/results/evaluation/legacy/single_arm_pose_support_fractions_0.5_0.6/seeds_200452_200456/benchmark.csv
fewest_mandatory_supports,0,200457,True,complete,16.095180589996744,16.027445347004686,0.06685947500227485,99.57915822930154,0.41540058919145295,0.0054411815070090725,1,0,20,0,109,20,89,7,30,7,30,True,20,0,/home/mario/TAMP-scaffolding/experiments/results/evaluation/legacy/single_arm_pose_support_fractions_0.5_0.6/seeds_200457_200461/benchmark.csv
fewest_mandatory_supports,1,200458,True,complete,692.7601155220036,686.2949806490069,6.419879388035042,99.06675705945844,0.926710306236031,0.00653263430553752,34,33,80,33,2870,47,2823,7,30,7,31,False,4,10,/home/mario/TAMP-scaffolding/experiments/results/evaluation/legacy/single_arm_pose_support_fractions_0.5_0.6/seeds_200457_200461/benchmark.csv
fewest_mandatory_supports,2,200459,False,max_replans,619.7106595059886,612.3283700850006,7.325334721899708,98.80875222852019,1.182057240670865,0.009190530808948731,50,49,110,50,3240,60,3180,7,30,0,0,,,,/home/mario/TAMP-scaffolding/experiments/results/evaluation/legacy/single_arm_pose_support_fractions_0.5_0.6/seeds_200457_200461/benchmark.csv
fewest_mandatory_supports,3,200460,False,max_replans,597.813574572996,590.2998951700865,7.4533423370012315,98.7431400485885,1.2467669945977684,0.010092956813725797,50,49,101,50,3288,51,3237,7,30,0,0,,,,/home/mario/TAMP-scaffolding/experiments/results/evaluation/legacy/single_arm_pose_support_fractions_0.5_0.6/seeds_200457_200461/benchmark.csv
fewest_mandatory_supports,4,200461,True,complete,81.48515515100735,80.20816129101149,1.2614997869968647,98.43285091912834,1.548134484936634,0.019014595935022603,15,14,45,14,541,31,510,7,30,7,30,False,4,13,/home/mario/TAMP-scaffolding/experiments/results/evaluation/legacy/single_arm_pose_support_fractions_0.5_0.6/seeds_200457_200461/benchmark.csv
highest_first,0,200452,True,complete,535.4558155429986,526.9428184429999,8.464194881977164,98.4101401361444,1.5807457191203977,0.0091141447351921,32,31,63,31,1357,32,1325,10,26,6,25,False,1,10,/home/mario/TAMP-scaffolding/experiments/results/evaluation/legacy/single_arm_pose_support_fractions_0.5_0.6/seeds_200452_200456/benchmark.csv
highest_first,1,200453,False,max_replans,897.5583699370036,889.9543157200169,7.545800967018295,99.15280671745946,0.8407030918276555,0.006490190712888196,50,49,103,50,4486,53,4433,10,26,0,0,,,,/home/mario/TAMP-scaffolding/experiments/results/evaluation/legacy/single_arm_pose_support_fractions_0.5_0.6/seeds_200452_200456/benchmark.csv
highest_first,2,200454,True,complete,216.5419444779982,215.5831288049958,0.9492966619873187,99.5572148041278,0.43838927570162844,0.004395920170579075,9,8,28,8,932,20,912,10,26,9,29,False,7,11,/home/mario/TAMP-scaffolding/experiments/results/evaluation/legacy/single_arm_pose_support_fractions_0.5_0.6/seeds_200452_200456/benchmark.csv
highest_first,3,200455,True,complete,64.48938305700722,64.17842336601461,0.3078462659905199,99.51781258208389,0.4773596077332458,0.004827810182851204,3,2,22,2,303,20,283,10,26,10,24,False,7,4,/home/mario/TAMP-scaffolding/experiments/results/evaluation/legacy/single_arm_pose_support_fractions_0.5_0.6/seeds_200452_200456/benchmark.csv
highest_first,4,200456,False,max_replans,911.6663473539957,899.3968033879937,12.194697494996944,98.65416289615024,1.337627250406974,0.008209853442790342,50,49,94,50,3811,44,3767,10,26,0,0,,,,/home/mario/TAMP-scaffolding/experiments/results/evaluation/legacy/single_arm_pose_support_fractions_0.5_0.6/seeds_200452_200456/benchmark.csv
highest_first,0,200457,False,max_replans,978.6343197239912,964.8435697910172,13.71419571703882,98.59081685007087,1.4013605941090128,0.00782255582011126,50,49,88,50,4191,38,4153,10,26,0,0,,,,/home/mario/TAMP-scaffolding/experiments/results/evaluation/legacy/single_arm_pose_support_fractions_0.5_0.6/seeds_200457_200461/benchmark.csv
highest_first,1,200458,True,complete,266.3499366189935,263.92132586096704,2.4065688300324837,99.08818797223874,0.9035364755783728,0.008275552182888807,19,18,45,18,1095,27,1068,10,26,8,26,False,6,6,/home/mario/TAMP-scaffolding/experiments/results/evaluation/legacy/single_arm_pose_support_fractions_0.5_0.6/seeds_200457_200461/benchmark.csv
highest_first,2,200459,False,max_replans,1143.8812785670016,1135.2444479250553,8.572985472987057,99.24495392976742,0.7494646195911934,0.005581450641382564,50,49,106,50,4620,56,4564,10,26,0,0,,,,/home/mario/TAMP-scaffolding/experiments/results/evaluation/legacy/single_arm_pose_support_fractions_0.5_0.6/seeds_200457_200461/benchmark.csv
highest_first,3,200460,False,max_replans,954.2918475180049,941.0079883570434,13.207196426956216,98.60798777695615,1.3839787546447662,0.008033468399081232,50,49,105,50,4179,55,4124,10,26,0,0,,,,/home/mario/TAMP-scaffolding/experiments/results/evaluation/legacy/single_arm_pose_support_fractions_0.5_0.6/seeds_200457_200461/benchmark.csv
highest_first,4,200461,True,complete,477.5976959719992,472.16602119196614,5.38433922904369,98.86270917430232,1.1273796491177723,0.009911176579911474,38,37,92,37,2251,55,2196,10,26,10,24,False,12,4,/home/mario/TAMP-scaffolding/experiments/results/evaluation/legacy/single_arm_pose_support_fractions_0.5_0.6/seeds_200457_200461/benchmark.csv
default,0,200452,False,max_replans,754.6587751879997,743.1082008829471,6.701095606003946,98.4694308626869,0.887963650105914,0.6426054872071865,50,49,97,50,2689,47,2642,14,21,0,0,,,,/home/mario/TAMP-scaffolding/experiments/results/evaluation/legacy/single_arm_pose_support_fractions_0.5_0.6/seeds_200452_200456/benchmark.csv
default,1,200453,False,max_replans,1335.8872558909934,1329.5628304699785,6.264500831006444,99.5265749116832,0.4689393362636898,0.004485752053116338,50,49,100,50,5169,50,5119,14,21,0,0,,,,/home/mario/TAMP-scaffolding/experiments/results/evaluation/legacy/single_arm_pose_support_fractions_0.5_0.6/seeds_200452_200456/benchmark.csv
default,2,200454,True,complete,25.23357122798916,25.169422427003155,0.06308353300846647,99.74577993575934,0.2499984343813135,0.004221629859335918,1,0,20,0,112,20,92,14,21,14,21,True,20,0,/home/mario/TAMP-scaffolding/experiments/results/evaluation/legacy/single_arm_pose_support_fractions_0.5_0.6/seeds_200452_200456/benchmark.csv
default,3,200455,True,complete,249.38954438599467,245.85360960898106,3.4971815800236072,98.58216398537509,1.4022967918056806,0.015539222819229521,37,36,94,36,1464,58,1406,14,21,13,22,False,11,4,/home/mario/TAMP-scaffolding/experiments/results/evaluation/legacy/single_arm_pose_support_fractions_0.5_0.6/seeds_200452_200456/benchmark.csv
default,4,200456,False,max_replans,951.7551969010092,944.9752324930014,6.723206968934392,99.28763568299034,0.7064008676627865,0.00596344934687142,50,49,89,50,4411,39,4372,14,21,0,0,,,,/home/mario/TAMP-scaffolding/experiments/results/evaluation/legacy/single_arm_pose_support_fractions_0.5_0.6/seeds_200452_200456/benchmark.csv
default,0,200457,False,max_replans,788.1734476889978,774.8120572509943,10.078027125011431,98.3047652166943,1.2786560058019207,0.416578777503771,50,49,98,50,3814,48,3766,14,21,0,0,,,,/home/mario/TAMP-scaffolding/experiments/results/evaluation/legacy/single_arm_pose_support_fractions_0.5_0.6/seeds_200457_200461/benchmark.csv
default,1,200458,True,complete,133.93665163801052,133.3622134839825,0.5668406979821157,99.57111205409214,0.4232155209569606,0.00567242495089994,7,6,27,6,619,21,598,14,21,10,25,False,3,13,/home/mario/TAMP-scaffolding/experiments/results/evaluation/legacy/single_arm_pose_support_fractions_0.5_0.6/seeds_200457_200461/benchmark.csv
default,2,200459,False,max_replans,990.2815333469916,981.7735434939823,8.43870864303608,99.14085140775536,0.852152479761448,0.006996112483195546,50,49,79,50,3087,29,3058,14,21,0,0,,,,/home/mario/TAMP-scaffolding/experiments/results/evaluation/legacy/single_arm_pose_support_fractions_0.5_0.6/seeds_200457_200461/benchmark.csv
default,3,200460,False,max_replans,807.6156580329989,798.8943430570507,8.657028909030487,98.92011566526713,1.0719243520012043,0.007959982731671585,50,49,90,50,4250,40,4210,14,21,0,0,,,,/home/mario/TAMP-scaffolding/experiments/results/evaluation/legacy/single_arm_pose_support_fractions_0.5_0.6/seeds_200457_200461/benchmark.csv
default,4,200461,False,max_replans,831.2456495429942,824.0090204199951,7.175636100015254,99.12942351915132,0.863238935922288,0.007337544926391706,50,49,102,50,3657,52,3605,14,21,0,0,,,,/home/mario/TAMP-scaffolding/experiments/results/evaluation/legacy/single_arm_pose_support_fractions_0.5_0.6/seeds_200457_200461/benchmark.csv
